ID,CS,Choice,DiceGameKept,FreeDonationAmount,PC1,PC2,PC3
1,big,0,4,10,-1.3678798,-0.21593501,1.358830333
2,big,0,4,8,-1.009875638,-0.637971349,-0.635916872
3,big,1,6,8,0.113465167,-0.954581537,1.164147195
4,big,0,4,10,0.200656833,-2.085225906,-0.692583916
5,big,0,6,10,-0.451432934,0.495476567,1.835614085
6,big,0,2,8,-2.196758493,1.025364867,-0.544217271
7,big,0,4,10,-1.282059337,0.931165154,-0.817343895
8,big,0,2,10,-0.006316286,0.539758765,-0.38805546
9,big,0,0,10,-1.252504912,-0.422010978,-0.7764032
10,big,1,2,10,-0.313489534,0.780783043,-0.942541735
11,big,0,10,10,-1.828830634,-0.314483518,0.403610916
12,big,0,4,10,-1.380073738,0.795964743,-0.709448762
13,big,0,2,6,-0.82263758,0.556599408,1.141144051
14,big,1,0,6,-1.24137448,-0.079423942,-0.305043982
15,big,0,4,10,-0.002195367,0.007615864,0.293858914
16,big,1,4,2,-0.527164101,-0.788910779,0.08816991
17,big,0,2,6,-1.371590587,0.428617011,0.064330046
18,big,0,8,10,0.304936952,0.797651307,-1.12170854
19,big,0,2,6,0.640454925,-0.767550368,-0.953579599
20,big,0,0,10,-0.283634068,0.029877927,-0.873610002
21,big,0,0,6,-0.419846822,-1.742337862,-0.807106532
22,big,0,8,10,-1.41112836,0.710716793,0.284549417
23,big,0,6,10,-1.115719444,0.526443514,1.499202275
24,big,0,8,8,0.286447812,0.97441998,-0.74102525
25,big,0,8,10,-0.627478327,0.697350926,1.931481515
26,big,0,2,10,0.060200872,-0.738629906,1.204556018
27,big,0,6,8,-0.410136633,-2.137268745,-0.561985927
28,big,0,2,10,-0.712114702,-0.785280373,0.748708026
29,big,0,10,10,-0.246452694,-1.466312534,-0.286090065
30,big,0,10,10,-0.783699504,-1.410798367,-0.572880726
31,big,0,6,8,-0.505945114,-0.361973357,-0.391719362
32,big,0,4,8,0.027409877,-2.070313683,-0.885227336
33,big,0,0,6,-0.125707988,-2.051049049,-0.896985453
34,big,0,0,6,-1.180468706,-0.50322876,1.253587665
35,big,0,2,10,0.670681216,-0.285796416,0.061669179
36,big,0,6,10,-0.767218166,-0.630815329,0.629054777
37,big,0,0,8,-0.293462173,-1.468127935,-1.028360373
38,big,1,6,10,-0.219786065,0.855158398,-0.490402511
39,big,1,10,10,1.148816507,0.634736173,-0.55092403
40,big,0,8,10,-0.96156358,-2.100019945,-0.660713104
41,big,0,8,10,1.116914263,0.609707204,-1.051781421
42,big,0,2,10,-0.762794062,-1.342756134,-0.697549863
43,big,0,8,10,-0.297169354,-1.88258581,-0.849349817
44,big,0,10,6,0.836608921,-0.135462966,-0.844923989
45,big,0,8,6,-1.500740356,1.225981579,-0.193055755
46,big,0,4,6,0.268339734,-1.445053484,-1.125639402
47,big,0,0,10,-1.855441418,-0.292011362,-0.644765128
48,big,0,8,4,0.037764211,0.599552937,-0.181134563
49,big,0,0,10,0.386273557,0.905192161,-0.890222692
50,big,0,6,8,-0.386324311,0.043865398,0.018826371
51,big,1,8,10,-0.461853086,-2.213957497,-0.247415005
52,big,1,0,10,0.02144979,-0.203471444,-0.16441029
53,big,0,2,10,-0.102764146,0.897766218,-0.018539696
54,big,1,2,10,0.101715165,0.025724922,-0.981196962
55,big,0,8,6,0.238372526,-0.292823731,-1.267065274
56,big,0,2,10,0.21126222,0.721458315,-0.757008806
57,big,0,8,2,-1.830774116,0.797694842,-0.76778181
58,big,1,8,10,-0.94143449,-2.095667535,-0.4798278
59,big,1,2,6,-0.140188128,0.846426641,-0.836738399
60,big,0,4,10,-1.380073738,0.795964743,-0.709448762
61,big,0,4,10,0.851715917,0.759445887,0.478264548
62,big,0,4,10,-0.789199441,1.023931755,-1.256179479
63,big,0,6,10,-1.772467556,0.903711104,0.141379934
64,big,0,2,4,-0.102944548,1.024552498,-1.166517416
65,big,0,2,10,-1.414822852,1.091000069,-0.414346042
66,big,1,6,10,0.489811421,0.83098571,-0.287803495
67,big,0,6,2,-1.171207557,-1.271963304,-0.741840694
68,big,0,2,4,-1.614463926,0.915535173,-0.866650614
69,big,0,6,8,-0.53062935,-1.298224475,-0.492702527
70,big,0,2,8,-0.185947505,-1.90813499,-0.655887477
71,big,0,6,10,-0.598935607,1.242125738,-1.140375882
72,big,0,10,10,-0.285899794,-2.039973515,-0.724307558
73,big,0,0,10,-1.125016578,-0.093422137,-0.472332868
74,big,0,10,10,0.118893367,-0.815403896,0.982889268
75,big,0,2,8,-1.568868487,0.787104878,0.977115556
76,big,1,6,4,-0.764514752,0.484036971,1.047774799
77,big,0,4,4,-0.344412912,-0.229220736,-0.950614727
78,big,0,8,10,-0.555923515,-0.716853007,-1.194867248
79,big,0,2,2,0.666004217,-1.661403076,-0.059184618
80,big,1,10,2,0.732300884,0.689064755,-1.11158127
81,big,0,10,2,0.393208589,-2.232470372,0.195845539
82,big,0,0,4,-0.398852675,0.915443925,-0.721312725
83,big,0,2,10,-0.006761669,-1.421271352,-0.821356989
84,big,0,6,6,-1.489457042,-0.519681387,-0.868329667
85,big,0,10,8,-1.064348301,0.611109227,0.956068306
86,big,0,10,6,-1.406506099,0.653593341,-0.419774839
87,big,0,4,6,-2.233518457,1.030631306,-0.723264273
88,big,0,8,10,-0.654244768,-2.171940149,1.240172567
89,big,0,0,10,-0.808445714,-2.119284579,-0.648954988
90,big,0,8,6,-1.609937167,1.208389957,1.147172676
91,small,0,6,8,0.019530939,-2.181607108,-0.890194591
92,small,0,0,2,-0.56390704,-0.257322831,-0.597565109
93,small,0,8,10,-0.180305522,-1.763802475,-0.509250719
94,small,1,8,10,-0.229893556,1.09797638,-1.152485047
95,small,0,6,6,-0.918520739,-1.178890181,-0.606706342
96,small,0,4,10,-0.944433112,-0.352410332,-0.236316468
97,small,0,10,10,-1.44482718,-0.286551253,-0.765111422
98,small,0,10,10,-0.546914322,0.393111368,-1.285687613
99,small,0,10,4,-0.15514491,-0.369703426,-0.801104635
100,small,0,8,10,0.310433295,0.969553889,-0.653782245
101,small,0,8,10,-0.969860375,1.122329244,1.711257741
102,small,1,4,4,-0.130067811,1.028748562,-1.30168249
103,small,0,6,10,-0.157744682,-0.352205255,-0.617706986
104,small,0,4,10,0.154762579,1.043595099,-0.819685391
105,small,0,6,6,-1.34212223,1.212580007,1.402993178
106,small,0,4,10,0.344640409,1.019064027,-0.628880272
107,small,0,0,10,-0.787609278,1.165329055,1.089667744
108,small,0,2,10,-0.529916863,1.220779495,0.465521686
109,small,1,10,6,-0.097488544,-0.179824483,-0.827522782
110,small,0,10,10,-0.572797735,1.207125107,-0.050441507
111,small,0,8,10,-0.717455356,1.379968974,-1.098592172
112,small,1,0,10,-0.12758502,1.118776549,-0.248242359
113,small,1,0,10,-0.679729815,1.013142107,0.821002755
114,small,1,2,10,0.107125318,-1.750875948,-1.094741712
115,small,1,8,10,-0.021681266,1.051349851,-1.101869693
116,small,1,8,10,-0.31476313,1.021193956,-0.74381147
117,small,1,8,10,-1.390283839,1.271772076,-1.041348175
118,small,1,4,10,-1.200406009,1.247241004,-0.850543056
119,small,1,0,4,-0.140726303,0.486420626,-1.193751298
120,small,0,0,10,-1.752080466,0.573734267,-0.825483065
121,small,0,10,10,-1.884895958,1.193765006,1.281207304
122,small,1,2,10,-0.451348838,1.095688213,-0.77366103
123,small,1,0,6,-0.604466704,1.114952847,-0.785419146
124,small,1,8,4,-0.31138484,1.145108741,-1.14347737
125,small,1,8,4,-0.74400522,0.909428081,-0.945739762
126,small,1,8,2,0.340285026,-1.817446464,-0.596806171
127,small,1,2,4,-0.433808167,0.456264732,-0.835693075
128,small,0,4,10,-0.118408838,1.192583612,-0.87938451
129,small,0,6,6,-0.174099818,-1.518928304,-1.034973285
130,small,1,0,6,-0.544109683,1.300208279,-0.88969561
131,small,0,0,10,-0.688360256,-1.501050243,2.221370596
132,small,0,10,6,-1.697941336,1.361348317,-0.691905825
133,small,0,8,4,-0.668373253,-1.614591411,-0.962745827
134,small,0,6,4,-1.040309902,-0.072258959,0.297530038
135,small,0,0,6,-1.471303542,1.331550806,-0.322053704
136,small,0,10,8,-0.547214549,0.534122511,-0.402023301
137,small,0,2,10,-0.63882624,1.256606918,-0.158660153
138,small,1,8,6,-0.374459661,1.336173269,-0.896028937
139,small,1,8,10,-0.907333186,1.404500046,-1.289397291
140,small,0,6,2,-1.1345124,1.084887637,0.3673219
141,small,0,4,10,-0.367398005,0.995274788,1.865554872
142,small,0,6,10,0.184501423,-1.56609662,0.069052652
143,small,1,6,2,-1.506215851,-0.661601535,-0.883411174
144,small,1,0,10,-1.418277316,0.183989641,-0.917963833
145,small,0,2,10,1.484329968,-0.187005662,-1.113837341
146,small,1,0,8,1.182231492,-0.715356325,-1.21416812
147,small,0,2,2,0.985441839,-0.692267031,1.832463113
148,small,1,8,10,1.662940425,0.512462286,-0.139219125
149,small,0,2,10,1.012340401,0.496083769,0.992182599
150,small,0,6,10,1.299716923,0.616754053,-0.538920806
151,small,1,6,4,1.452834788,0.597489419,-0.527162689
152,small,0,2,2,1.407443965,0.655731314,-0.155924829
153,small,1,0,10,1.570201205,-0.11116188,-0.738392177
154,small,1,6,10,1.004891877,0.474254542,1.783653323
155,small,1,8,10,0.868306168,0.548748799,1.753803763
156,small,1,8,10,0.528049586,0.7112761,0.106718503
157,small,1,10,10,0.355725013,-0.604657394,-0.710053145
158,small,1,8,10,1.446756779,0.595688299,0.177267203
159,small,1,10,10,1.199891178,0.685981871,-0.389723364
160,small,1,0,10,0.463987875,0.7688495,-0.085030933
161,small,0,6,10,1.690188863,-0.083779062,-0.401698559
162,small,1,2,10,1.135772243,0.490274674,0.640457702
163,small,1,2,10,1.526354716,0.586956542,-0.169068685
164,small,0,0,10,1.526354716,0.586956542,-0.169068685
165,small,1,8,10,1.757391899,-0.714620372,-0.806757549
166,small,1,4,10,1.489594752,0.592222981,-0.348115687
167,small,1,10,10,1.816058291,0.493197652,-0.127461009
168,small,1,4,10,0.575224304,0.518592904,2.111861987
169,small,1,8,10,1.452834788,0.597489419,-0.527162689
170,small,0,2,10,1.519530326,0.574909052,-0.35142463
171,small,1,4,10,1.56311468,0.581690104,0.009978317
172,small,1,0,10,1.526354716,0.586956542,-0.169068685
173,small,1,6,10,1.526354716,0.586956542,-0.169068685
174,small,0,8,10,0.476518781,0.265641863,0.497514272
175,small,0,2,10,1.123988891,0.578987942,0.171842412
176,small,1,8,10,0.650485497,0.699079025,-0.765000275
177,small,0,8,10,1.403172425,0.588907247,-0.184135745
178,small,1,0,10,1.373236851,0.606221176,-0.180826802
179,small,0,4,10,1.194769706,0.44972347,1.974458442
180,small,0,2,10,1.55629029,0.569642614,-0.172377628
181,small,0,0,10,1.593050254,0.564376175,0.006669374
182,small,0,2,10,1.665157875,0.511179772,-0.139464232
183,small,0,0,10,1.409996815,0.600954737,-0.0017798
184,small,0,8,10,1.397264358,-0.821284125,0.025118679
185,small,0,4,10,1.56311468,0.581690104,0.009978317
186,small,0,6,10,1.662940425,0.512462286,-0.139219125
187,small,0,6,10,1.662940425,0.512462286,-0.139219125
188,small,0,4,10,0.637333548,0.689088805,0.123865629
189,small,0,4,10,1.122620294,0.480284454,1.529323605
190,small,0,4,10,1.263208427,0.539486719,0.185680595
191,small,0,8,10,1.845993864,0.475883724,-0.130769952
192,small,0,0,10,1.471828084,0.347283687,1.834353579
193,small,1,10,10,1.779298326,0.498464091,-0.306508011
194,small,1,6,10,1.48447328,0.35596458,2.016066118
195,small,1,4,10,1.447713316,0.361231018,1.837019116
196,small,0,6,10,0.923848224,0.712364927,-1.120335027
197,small,0,0,10,1.284577095,0.609515987,-0.7203576
198,small,0,10,6,0.220817924,0.743417387,-0.436791611
199,small,0,8,10,1.816058291,0.493197652,-0.127461009
200,small,0,6,10,1.845993864,0.475883724,-0.130769952
201,small,0,8,10,1.263208427,0.539486719,0.185680595
202,small,0,6,10,1.447713316,0.361231018,1.837019116
203,small,1,2,10,0.772240636,-0.658985976,-0.149395905
204,small,0,8,10,1.699700389,0.507195847,0.039827877
205,small,0,6,10,0.888533975,0.488252737,1.950942209
206,small,0,10,10,0.00997693,0.547142985,-0.955451338
207,small,0,4,10,-0.871553922,0.693739894,-0.862719306
208,small,0,6,10,-0.560172421,-0.606322407,-0.959958221
209,small,0,6,10,0.116360752,-0.740954341,-0.721176318
210,small,0,4,10,0.322148406,-0.206940052,-0.124532472
211,small,0,2,10,0.875392002,0.381592,-1.045858197
212,small,0,2,10,0.909835064,-0.305688358,1.471488657
213,small,0,8,10,-0.07474381,-0.684513869,-0.223808028
214,small,0,0,10,0.21853049,-0.610398329,-0.653001343
215,small,0,2,10,1.090989344,0.429736768,-0.424626096
216,small,1,0,8,0.384980647,-0.863191682,1.078381197
217,small,0,8,10,0.853230902,-0.619726175,-0.69526003
218,small,0,8,10,-1.235836208,-0.666368837,-0.896363767
219,small,0,6,10,1.304929894,-1.081142338,-0.42616882
220,small,0,6,10,-0.061245182,0.110611017,-0.268848854
221,small,1,0,10,1.06017673,0.632702953,-0.38669898
222,small,1,8,10,1.006884609,0.582739768,-0.547654539
223,small,1,8,10,0.312076096,0.549798463,1.196170907
224,small,0,0,10,-0.051078249,0.722531597,1.573849837
225,small,1,6,10,0.385596025,0.539265586,1.554264911
226,small,0,8,8,-0.21930245,1.038550693,-0.999228531
227,small,0,6,10,0.774941701,-0.476876194,-0.658467031
228,small,0,8,10,0.874767446,-0.546104012,-0.807664474
229,small,1,8,10,0.790700963,0.665965781,-0.231168211
230,small,0,10,10,0.876446066,0.727476512,-0.50455338
231,small,0,8,10,0.13289332,-0.498991425,-1.17048057
232,small,0,6,10,-0.772537504,-0.297575885,-0.618991926
233,small,0,0,10,0.483538458,0.766548436,0.002702285
234,small,0,6,10,-0.501930166,1.061823302,0.045168142
235,small,1,6,10,1.006884609,0.582739768,-0.547654539
236,small,1,8,10,1.025119684,0.41375848,1.980791768
237,small,1,8,10,0.815014047,0.498785614,1.592848204
238,small,1,6,4,1.140521048,0.634217566,0.153750969
239,small,1,6,10,0.832554719,-0.140637868,1.530816159
240,small,1,6,10,1.626180461,0.517728724,-0.318266128
241,small,1,2,10,0.647746384,0.580347429,0.67952175
242,small,1,6,10,0.968131913,0.47952098,1.604606321
243,small,1,8,10,0.095642901,0.636882866,1.879449191
244,small,1,8,10,1.283184766,0.561524429,-0.520829363
245,small,1,10,4,0.641668374,0.578546309,1.383951642
246,small,1,0,10,1.322065809,-2.084331772,-0.636086419
247,small,1,8,10,1.781419406,-2.142125672,-0.600812069
248,small,1,8,10,-0.174778737,0.282237273,-1.459146797
249,small,1,8,10,1.246424802,0.566790868,-0.699876365
250,small,1,6,10,1.299716923,0.616754053,-0.538920806
251,small,1,10,4,1.701821468,-2.133393916,-0.254476181
252,small,1,4,6,0.435258388,0.547847758,1.211237966
253,small,1,10,10,0.692950803,0.603298198,0.587091908
254,small,0,6,10,1.183359021,0.630752248,-0.371631921
255,small,1,6,10,1.030241156,0.650016881,-0.383390037
256,small,1,0,10,0.846441336,0.676349074,-1.278625048
257,small,1,2,2,0.597945858,-2.090177411,0.1372213
258,small,1,6,10,1.13614491,0.582590183,-1.237017372
259,small,0,0,10,0.627353667,0.522034172,1.401797978
260,small,0,0,10,1.649921677,-2.135365543,-0.614959978
261,small,0,10,10,1.183359021,0.630752248,-0.371631921
262,small,0,2,10,0.614245985,0.366639659,2.393757108
263,small,1,2,8,1.183359021,0.630752248,-0.371631921
264,small,1,8,8,0.846068669,0.584033564,0.598850025
265,small,0,4,10,1.176534631,0.618704758,-0.553987866
266,small,0,10,10,0.724005425,0.688546148,-0.406906271
267,small,0,8,10,1.401493804,-0.684673277,-0.487246838
268,small,0,8,8,1.309821654,-0.74553974,-0.37341661
269,small,1,0,4,0.534127595,0.71307722,-0.59771139
270,small,0,6,10,0.772548741,0.594566441,0.240756021
271,small,0,2,8,0.691450607,-0.835125884,1.622030782
272,small,1,2,10,-0.105645614,0.842442716,-0.65744629
273,small,0,6,10,0.771429693,0.492004562,1.231445257
274,small,0,4,10,0.69554092,0.694331194,-1.290628272
275,small,0,0,10,0.165782621,0.581110586,1.366768735
276,small,0,10,10,-0.176513163,-1.222781874,-0.944341275
277,small,1,6,10,-0.316486608,0.646168314,-1.176106017
278,small,0,2,10,-0.82875251,-2.177609732,1.568316282
279,small,0,2,8,0.191559301,0.522093306,-0.05997122
280,small,0,0,10,0.849829085,0.429515951,0.181428518
281,small,0,2,10,0.412712988,0.452025086,1.301107907
282,small,0,2,10,0.723409196,-0.092730128,-0.883939392
283,small,0,10,10,0.059372981,-0.675191841,-1.097361765
284,small,0,4,8,1.071027842,-0.719344471,0.665591053
285,small,1,2,10,0.837079961,-0.685655743,-1.310398769
286,small,0,2,10,1.42731149,-0.922831519,2.056625376
287,small,0,10,8,-0.558493801,0.667258117,-0.656847127
288,small,0,4,8,-0.036313004,0.362181146,1.734554482
289,small,0,6,6,-1.058309686,-0.777276567,-0.722909807
290,small,1,8,4,1.648910496,-0.847494898,-0.459681378
291,small,1,4,10,0.470315434,0.76679223,-1.156252782
292,small,1,8,10,-0.51853148,0.938152311,-0.714121026
293,small,1,6,6,1.023416766,0.637969391,-0.565745982
294,small,1,2,6,1.049722582,0.57927445,-1.073037429
295,small,1,4,6,-0.345185807,0.858391616,-0.505224464
296,small,1,8,8,0.896604717,0.598539083,-1.084795546
297,small,1,4,10,0.796778972,0.667766902,-0.935598104
298,small,1,0,10,0.113336062,-2.12001107,-0.894725228
299,small,1,2,10,0.944775366,0.412243867,1.440341819
300,small,1,2,10,-0.420448917,0.756580876,1.101197437
301,small,0,0,8,0.544861056,0.59024344,1.638973747
302,small,0,8,6,0.807302277,0.789636772,0.528120956
303,big,0,2,10,0.110283154,-0.556022169,-0.447959235
304,big,0,6,10,-0.864197131,0.931657788,1.305218374
305,big,0,2,10,-0.850144393,-1.244251458,-0.138563705
306,big,0,8,10,-1.507768856,-0.279689675,-0.044429422
307,big,0,0,10,-1.387826133,0.885737662,-0.496798493
308,big,0,8,10,-0.009896942,-0.627364632,-0.713517761
309,big,0,0,2,-1.911373598,1.032034211,0.706064827
310,big,0,4,10,-0.727247095,0.702323887,1.123433206
311,big,1,8,10,-0.517026407,0.077160954,0.759622387
312,big,0,0,10,-0.270892984,-0.239753612,-0.592520723
313,big,0,8,10,-0.461623589,-0.712585062,-0.202212869
314,big,0,6,10,-0.894159198,0.366994661,-0.989235599
315,big,0,6,10,-1.440184672,0.425331219,-0.49373805
316,big,0,10,10,-0.300038583,0.32353958,0.338946001
317,big,0,8,10,-0.236664416,-2.015963097,-0.135471841
318,big,0,2,10,-1.722172017,0.871882847,2.269994855
319,big,0,10,10,-0.052734915,-0.623899314,-0.188134871
320,big,0,0,10,-0.208103541,0.617559107,1.042309111
321,big,0,0,10,-0.357843117,0.760738525,0.630885095
322,big,0,6,8,0.444905631,-0.758924717,2.736069231
323,big,0,8,10,-0.931472929,-2.048904402,1.608353605
324,big,0,0,10,0.460710456,-1.147816204,2.539861248
325,big,0,0,10,-0.942883614,-1.867875624,-0.737736758
326,big,0,4,10,-1.08879594,-0.500701298,-0.611388567
327,big,0,4,10,-1.23770866,-2.010375135,1.584837372
328,big,1,2,8,-0.20364217,0.708082954,2.520012649
329,big,0,4,10,-1.682777723,0.542171808,1.608158113
330,big,0,8,10,-0.574197755,-0.736601315,1.764587137
331,big,1,4,4,0.460357844,0.547025475,-0.324907216
332,big,1,2,4,-0.60983019,0.614773696,2.428076334
333,big,0,0,10,-1.39889907,0.848744484,2.789430729
334,big,0,8,10,-0.725905514,-1.861570156,-0.543890125
335,big,0,8,4,-0.934860953,-1.982514292,0.41240626
336,big,1,8,6,-0.616841486,-0.47597693,-0.925555014
337,big,0,2,6,-1.684363137,1.09455221,-0.801558126
338,big,0,0,10,-0.625867178,0.806372483,0.809155591
339,big,1,0,10,-0.009896942,-0.627364632,-0.713517761
340,big,0,4,10,-0.498804964,0.7836054,-0.789732806
341,big,0,4,8,-0.316132673,-0.588835366,-0.737033995
342,big,0,10,8,0.60627017,-0.820148851,-0.451255406
343,big,0,8,8,-0.170220346,-1.956009692,-0.863382186
344,big,1,8,2,-1.092663339,0.810215217,2.812946963
345,big,0,8,6,-0.612092778,-0.237748115,1.411863213
346,big,0,10,10,-0.681606935,0.73765019,0.105466424
347,big,0,10,10,-0.410010089,-1.936202402,-0.344368403
348,big,0,2,10,-1.241913806,-0.481436664,-0.623146683
349,big,0,6,10,-1.337660948,-2.142213661,1.51641729
350,big,0,0,2,-1.180356038,-1.872192613,-0.241625139
351,big,0,6,10,-0.865779422,0.671666873,1.087706486
352,big,0,6,10,-0.969315974,-2.010247027,-0.448062835
353,big,0,10,0,-0.142668677,-0.566926883,-0.097722596
354,big,1,2,6,-0.05004778,-0.044971895,0.071035619
355,big,0,10,10,-1.830774116,0.797694842,-0.76778181
356,big,0,10,10,-0.836224997,-0.681509259,1.128647181
357,big,0,4,10,-1.457140915,-0.632667932,1.353091558
358,big,0,0,10,-1.51751956,0.010220868,1.940506494
359,big,1,6,6,1.117421704,0.57210817,-0.714300019
360,big,1,2,0,-0.156793957,0.726684645,0.946310074
361,big,1,8,2,-0.193553921,0.731951084,0.767263072
362,big,1,10,6,0.601080337,0.695664571,-1.125759817
363,big,0,2,4,0.268031348,0.830487812,-0.979466005
364,big,1,10,4,0.418278365,0.649709361,-0.230560587
365,big,1,4,4,1.257807113,-0.869395325,-0.675643424
366,big,0,0,4,0.264653059,0.706573028,-0.579800105
367,big,1,8,4,1.154181668,0.566841732,-0.535253017
368,big,1,6,4,1.043901776,0.582641047,-1.072394024
369,big,1,8,8,0.485143846,-0.781261258,-0.549997996
370,big,0,6,4,0.857892644,0.696398535,-0.209912203
371,big,1,6,10,0.464494628,0.770158827,-1.155609377
372,big,1,8,10,0.790958166,0.671133499,-0.934954698
373,big,1,4,6,1.154181668,0.566841732,-0.535253017
374,big,1,10,2,0.57477452,0.754359512,-0.61846837
375,big,1,2,8,0.706238757,0.443606854,1.775562995
376,big,1,6,2,0.82771813,0.66586706,-0.755907696
377,big,1,6,6,0.202094719,0.732935374,0.085925741
378,big,0,10,4,0.802926138,0.738009389,-0.862647385
379,big,1,8,2,0.643545643,0.599883743,0.226332367
380,big,1,6,2,0.82771813,0.66586706,-0.755907696
381,big,1,6,2,0.87933163,-0.557750279,-0.89806323
382,big,1,8,6,0.534636266,0.635711166,-0.397849472
383,big,1,2,6,1.08066174,0.577374609,-0.893347022
384,big,1,8,4,0.464494628,0.770158827,-1.155609377
385,big,1,4,4,1.117421704,0.57210817,-0.714300019
386,big,0,6,6,0.835092766,0.247970523,-0.354579595
387,big,0,8,4,-0.96685227,-1.275325717,1.260320351
388,big,0,0,2,0.759925851,-2.149992949,-0.871049878
389,big,0,8,10,-0.147283276,0.960243576,2.146233772
390,big,0,2,10,1.939192723,-2.286025206,2.352061076
391,big,0,0,10,1.077734581,0.521916663,2.032342101
392,big,0,2,10,0.343124942,0.987697626,1.187509943
393,big,0,0,10,1.420730276,0.478120957,2.234905337
394,small,0,4,10,0.629580466,0.817770085,-1.071543947
395,small,0,0,10,0.41339682,0.900996098,-0.755057619
396,small,0,2,8,0.09185738,-1.218137884,-0.405610997
397,small,1,4,4,0.17945102,0.735353823,-0.798439666
398,small,1,10,2,-1.153230846,-0.130403843,-0.314786981
399,small,0,2,6,-0.5406864,0.552613437,1.395401997
400,small,0,0,6,0.732528275,-0.747005268,-0.890126772
401,small,1,6,6,0.472532884,0.765509717,-1.156497889
402,small,0,4,10,-0.207288696,0.324798043,-0.896255791
403,small,0,0,10,-0.040251434,0.868275609,0.382713212
404,small,0,6,6,-0.632197356,1.261363437,-1.136699279
405,small,0,4,6,-1.741752862,0.426096426,-0.35676214
406,small,0,8,10,-0.466767437,1.340764753,-0.686451317
407,small,0,2,6,-0.5704155,1.35890322,-0.382404163
408,small,0,2,4,-1.46746888,-1.668828746,-0.547426476
409,small,0,0,10,-1.625964502,-0.104728348,-0.34021903
410,small,0,4,2,-0.30012546,0.37382822,2.633649506
411,small,0,4,10,-0.185684636,-1.787978578,-0.576249279
412,small,0,8,10,-0.336271105,0.002229101,-0.866009275
413,small,0,10,6,-1.773704611,-1.630299479,-0.570942709
414,small,0,0,8,-0.277716404,-0.431469547,-0.227799393
415,small,0,0,10,-1.552623219,0.178119563,2.09164709
416,small,0,10,10,-0.87944771,-1.644194578,-0.064421484
417,small,0,4,10,-0.234751887,-0.233868522,-0.535564759
418,small,0,2,10,-1.119393781,1.137220755,-0.01737767
419,small,0,0,10,-0.985348328,-0.359438248,-0.376309715
420,small,0,4,10,-0.810050833,-1.30422215,-0.661860773
421,small,0,6,10,-1.575339304,-1.643744946,-0.197965476
422,small,0,0,10,-2.028769301,1.098782736,-0.139199326
423,small,0,8,10,-1.615221333,-0.142930973,-0.707627095
424,small,0,4,2,-1.964620439,1.001430419,1.409925667
425,small,1,8,10,-1.278303647,-0.188527799,0.199366032
426,small,0,4,10,-0.435242517,1.20835279,0.101199991
427,small,0,10,10,-0.650994086,-0.821710923,-1.008215589
428,small,0,6,8,-1.242671213,-1.53990281,-0.464123165
429,small,0,0,10,-1.952511686,-0.189649657,0.26285485
430,small,1,0,10,-1.385461475,-1.668276018,-0.007160357
431,small,0,2,10,-1.422221439,-1.663009579,-0.186207359
432,small,0,8,10,-1.500008733,0.099544453,2.574410232
433,small,0,10,10,-2.039501115,0.475711298,-0.198106258
434,small,1,10,10,-1.528560122,0.478892072,0.595975849
435,small,1,6,8,-2.093801751,1.120401218,-0.315121215
436,small,0,6,6,-1.700894143,1.081329294,-0.822376881
437,small,0,6,4,-1.521343917,1.204436063,-1.100292687
438,small,0,6,2,-1.178977113,-0.55113747,1.710026139
439,small,0,6,6,-2.075856869,1.251687015,-0.786967253
440,small,0,0,10,-1.95067156,-0.348373103,0.54940366
441,small,0,6,10,-1.169151285,-1.550435687,-0.106029161
442,small,0,8,10,-1.671521376,-1.230046988,1.870154371
443,small,0,2,0,-0.368341958,0.528690985,-0.358131524
444,small,1,4,6,-0.025624618,-0.045839295,-0.936196617
445,small,0,4,2,-1.648859232,-1.633212069,-0.55605948
446,small,0,0,6,-0.969402852,-1.959958386,1.84664067
447,small,0,8,4,-2.320439545,1.150198728,-0.684973336
448,small,0,4,6,-1.859546679,1.369527345,-0.885836057
449,small,0,0,10,1.446010398,0.585441929,-0.709518635
450,small,0,4,10,1.054355924,0.63606955,-0.386055575
451,small,0,4,10,1.506093417,0.343460076,2.013676326
452,small,0,6,8,1.152096806,-2.365322751,-0.776235525
453,small,0,2,10,-0.514524777,-2.046332211,-0.756402532
454,small,1,6,10,-0.606184888,-0.57045996,1.886501276
455,small,0,6,10,0.784153324,-0.486707181,-0.704432368
456,big,0,0,10,1.00531608,-0.956743762,0.950856982
457,big,1,10,10,0.542661995,0.76144123,-0.753081953
458,big,0,10,10,-0.407731156,0.835289855,-0.932124693
459,big,0,2,10,0.743711569,0.508035977,1.234509093
460,big,0,6,10,0.823652305,-0.278956101,0.854217568
461,small,0,10,10,-0.756242844,0.88598992,-0.767313843
462,big,0,8,10,1.518021648,-2.107061723,-1.149711192
463,big,0,2,10,1.80574881,-0.727407416,0.119712761
464,big,0,6,10,0.298918459,-0.643812731,-0.989457902
465,big,0,8,10,-0.566491558,0.660392504,-0.794126248
466,big,0,6,6,0.617064085,-0.569988923,-0.279708855
467,small,0,6,10,0.606169323,0.816987515,-0.45509238
468,small,0,10,10,1.339491085,-2.274492444,0.80615145
469,small,0,4,10,0.949408707,0.469038967,2.127323674
470,small,0,8,10,1.098721017,-0.249512378,1.540045069
471,small,0,8,10,0.799733693,-0.549018523,-0.551727342
472,small,0,6,6,0.976528093,-1.563395769,1.482186814
473,small,0,8,10,0.282216232,0.056204636,0.653740289
474,small,0,6,10,-0.155490812,-2.05142042,-0.006281248
475,small,0,6,6,0.844652643,0.128891085,-1.171674284
476,small,0,4,10,-0.929161223,-0.034971322,0.787845419
477,small,0,8,10,0.241674463,-2.197512549,-0.635362832
478,small,0,0,10,-0.010196979,-0.418018983,-0.942610318
479,big,0,0,10,0.170678296,0.65771639,0.421152982
480,big,0,8,10,0.568945847,-0.467248604,-0.837523881
481,big,0,4,10,0.71031261,-0.934399715,1.935381144
482,big,0,4,10,0.105419354,0.582884022,0.148979911
483,big,1,4,10,0.673922176,-2.054147398,1.044374634
484,big,0,0,10,1.199950588,-1.519623364,0.061849801
485,big,0,4,10,0.144745146,0.808726841,-0.949030645
486,big,1,4,10,0.994437386,-0.736577873,1.021561163
487,big,0,4,10,0.114489747,-2.329258367,0.723062678
488,big,0,6,10,0.17431702,0.629474596,1.211398172
489,small,0,0,10,-0.152146518,0.728499925,0.990743493
490,small,0,2,10,0.665517457,-0.684115434,0.251847156
491,small,0,8,10,-0.070509596,-0.742388428,-0.902347215
492,small,1,4,6,0.400195168,0.458451811,2.051196752
493,small,0,8,10,-0.85661802,0.245471174,-0.844995077
494,big,1,4,10,0.641914154,-0.687608437,-0.786894666
495,big,0,2,10,0.187603601,-2.160064598,0.212535129
496,big,0,8,10,-0.14507066,0.658013643,2.076747842
497,big,0,6,10,0.884157493,-0.720778557,0.484420156
498,big,1,0,10,0.910641734,-0.944317056,1.315178676
499,big,1,4,10,1.730583675,-2.145525967,-0.212708299
500,big,0,6,10,-0.449319384,-0.305417862,2.210169305
501,big,0,0,6,-0.342913674,-0.806590253,2.217782875
1,big,0,2,10,-1.340038001,-1.429531385,1.457326479
2,big,0,8,8,-1.412619979,-0.405034886,-0.591399335
3,big,0,0,10,0.061632275,-0.924602791,1.169876568
4,big,0,4,10,-0.107291524,-1.907116882,-0.658544698
5,big,1,2,10,-0.399600043,0.46549782,1.829884711
6,big,0,6,4,-1.794014152,0.792428404,-0.588734808
7,big,1,0,10,-0.879869359,0.698549319,-0.861800155
8,big,0,0,10,-0.006316286,0.539758765,-0.38805546
9,big,1,8,10,-0.927925681,-0.60973885,-0.81228072
10,big,0,2,10,-0.391100281,0.825671006,-0.933962994
11,big,0,0,10,-1.228456069,-0.661723972,0.337248228
12,big,0,10,10,-1.380073738,0.795964743,-0.709448762
13,big,0,10,6,-0.82263758,0.556599408,1.141144051
14,big,0,6,4,-1.440560822,-1.084187575,-0.345847038
15,big,1,8,10,0.322383865,-0.180112009,0.257981395
16,big,1,0,10,-0.449553354,-0.833798741,0.079591169
17,big,0,10,4,-0.968846247,0.195680547,0.019812509
18,big,1,2,10,0.44546784,0.716372032,-1.137242188
19,big,0,4,8,0.62382405,-0.757931519,-0.951741297
20,big,0,4,10,0.04662917,-1.43615664,-0.644148289
21,big,0,6,4,-0.017102481,-1.975274326,-0.851624069
22,big,0,4,10,-1.41112836,0.710716793,0.284549417
23,big,0,6,10,-0.899409254,0.644283844,1.400333471
24,big,1,4,8,0.68863779,0.741804144,-0.78548151
25,big,0,0,10,-0.900224667,0.855100052,1.961629661
26,big,0,6,4,-0.523542818,-0.401008301,1.269080405
27,big,0,8,8,-0.812880974,-1.904332282,-0.51746839
28,big,0,4,10,-0.712114702,-0.785280373,0.748708026
29,big,1,0,8,-0.246452694,-1.466312534,-0.286090065
30,big,0,4,10,-0.783699504,-1.410798367,-0.572880726
31,big,0,4,10,-0.121880739,-0.827054141,-0.359213246
32,big,0,6,8,-0.297169354,-1.88258581,-0.849349817
33,big,0,8,6,-0.323338212,-1.936745059,-0.875140302
34,big,0,4,4,-1.180468706,-0.50322876,1.253587665
35,big,0,8,10,1.068099579,-0.029755858,-0.132177357
36,big,0,8,10,-0.767218166,-0.630815329,0.629054777
37,big,0,10,10,-0.293462173,-1.468127935,-1.028360373
38,big,0,6,8,-0.475624349,1.00312836,-0.462123305
39,big,0,8,10,0.90643596,0.602418828,0.437750088
40,big,0,0,10,-0.96156358,-2.100019945,-0.660713104
41,big,1,2,10,1.175122324,0.576041232,-1.058215477
42,big,0,2,4,-1.671642453,-1.162110171,1.326675064
43,big,0,2,10,0.010779003,-2.060694834,-0.883389035
44,big,0,0,8,1.10935526,-0.293212092,-0.875072135
45,big,0,10,2,-1.097996015,0.993045115,-0.237573292
46,big,0,6,8,0.25170886,-1.435434635,-1.123801101
47,big,0,6,10,-1.452697078,-0.524947826,-0.689282665
48,big,0,10,2,0.037764211,0.599552937,-0.181134563
49,big,1,2,10,0.769060848,0.683798317,-0.932534268
50,big,0,6,8,-0.06174508,-0.143862475,-0.017051149
51,big,0,2,2,-0.642852436,-2.109272355,-0.227408156
52,big,0,6,10,-0.013752227,-0.183111547,-0.160519218
53,big,0,8,10,0.205184211,0.719657195,-0.052578914
54,big,0,4,6,0.016535418,-0.48499323,-1.003191684
55,big,1,0,10,0.49421081,-0.440793694,-1.29534448
56,big,1,0,10,0.286101155,0.678173494,-0.765281163
57,big,0,0,2,-1.614463926,0.915535173,-0.866650614
58,big,0,0,10,-1.52517818,-1.75804593,-0.415303414
59,big,0,2,4,-0.396026412,0.994396604,-0.808459193
60,big,0,8,10,-1.380073738,0.795964743,-0.709448762
61,big,1,10,10,0.851715917,0.759445887,0.478264548
62,big,0,6,10,-0.481251084,0.845822732,-1.290218697
63,big,0,8,10,-1.447888324,0.715983231,0.105502415
64,big,1,2,6,0.152893736,0.876582536,-1.194796623
65,big,1,0,10,-1.03203556,0.869606225,-0.456657617
66,big,0,4,4,0.233973138,0.978955673,-0.259524289
67,big,0,8,6,-1.573951898,-1.039026841,-0.697323157
68,big,0,6,4,-1.614463926,0.915535173,-0.866650614
69,big,0,0,8,-0.728259574,-1.183920485,-0.470857377
70,big,0,10,10,-0.78632207,-1.560894536,-0.589524789
71,big,0,10,10,-0.256062414,1.043817132,-1.178275533
72,big,0,6,10,-0.285899794,-2.039973515,-0.724307558
73,big,0,2,10,-1.125016578,-0.093422137,-0.472332868
74,big,0,4,10,-0.189054989,-0.637294873,1.016928486
75,big,0,2,6,-2.109371904,1.099717475,1.036860358
76,big,0,8,4,-1.020353036,0.632006934,1.076054006
77,big,1,4,6,-0.088574628,-0.377190698,-0.978893933
78,big,0,4,10,-0.880502746,-0.529125135,-1.158989729
79,big,1,2,4,1.297977443,-2.026919344,-0.129040079
80,big,0,2,4,0.4764626,0.837034718,-1.083302064
81,big,1,10,4,0.649046873,-2.380440334,0.167566333
82,big,1,10,4,-0.143014391,0.767473962,-0.749591931
83,big,1,8,6,-0.006761669,-1.421271352,-0.821356989
84,big,0,6,4,-1.865591983,-0.302135083,-0.826753413
85,big,0,2,8,-1.064348301,0.611109227,0.956068306
86,big,0,0,8,-1.73108533,0.841321214,-0.38389732
87,big,0,10,6,-1.633143892,0.683390852,-0.78962696
88,big,0,10,6,-0.654244768,-2.171940149,1.240172567
89,big,0,6,10,-0.808445714,-2.119284579,-0.648954988
90,big,0,10,4,-1.207192826,0.975453494,1.102655139
91,small,0,8,8,-0.356604002,-1.964060803,-0.848618336
92,small,0,4,8,-0.73160169,-0.160332768,-0.579028901
93,small,0,10,10,0.19582942,-1.98134878,-0.550826973
94,small,0,8,10,-0.102944548,1.024552498,-1.166517416
95,small,1,8,4,-0.918520739,-1.178890181,-0.606706342
96,small,0,10,10,-0.56829817,-0.569956637,-0.277892722
97,small,0,10,10,-1.463868048,-1.085551854,0.331859497
98,small,0,8,10,-0.546914322,0.393111368,-1.285687613
99,small,1,0,6,-0.073653625,-0.416835787,-0.810112313
100,small,0,8,10,0.686568237,0.752007584,-0.695358499
101,small,0,8,10,-0.969860375,1.122329244,1.711257741
102,small,0,2,4,-0.74759872,1.040904351,0.690341521
103,small,0,6,10,0.090055346,-0.495526107,-0.64509768
104,small,0,0,10,0.035297465,1.112690499,-0.806480258
105,small,1,10,8,-0.936051714,0.977719774,1.358107981
106,small,0,0,10,0.112639711,1.153246973,-0.603235964
107,small,0,0,10,-0.759336792,1.148977012,1.086542631
108,small,1,8,10,-0.501644377,1.204427452,0.462396573
109,small,0,10,6,-0.12576103,-0.16347244,-0.824397669
110,small,0,6,10,-0.460262151,1.142037561,-0.062880681
111,small,1,10,10,-0.31138484,1.145108741,-1.14347737
112,small,0,10,10,-0.646191119,1.418724328,-0.190917987
113,small,0,0,6,-1.198335913,1.313089886,0.878327127
114,small,0,6,10,-0.298945197,-1.516015714,-1.049856514
115,small,0,8,10,-0.540287365,1.35129763,-1.044545322
116,small,0,10,10,-0.833369229,1.321141735,-0.686487098
117,small,0,10,6,-1.908889938,1.571719855,-0.984023803
118,small,0,4,10,-1.719012108,1.547188783,-0.793218685
119,small,0,4,4,-0.546796819,0.721280859,-1.148866101
120,small,0,4,10,-1.864616049,0.638821813,-0.813043891
121,small,1,10,10,-1.478825442,0.958904773,1.236322106
122,small,0,6,10,-0.73795424,1.261453047,-0.741980965
123,small,0,6,6,-1.01053722,1.34981308,-0.740533949
124,small,0,2,4,-0.717455356,1.379968974,-1.098592172
125,small,0,8,4,-1.150075736,1.144288314,-0.900854564
126,small,0,2,2,-0.06578549,-1.582586231,-0.551920973
127,small,0,10,4,-0.868151169,0.707477008,-0.787682765
128,small,1,8,10,0.168196563,1.026818779,-0.911064574
129,small,0,6,4,-0.174099818,-1.518928304,-1.034973285
130,small,0,8,4,-0.57238217,1.316560323,-0.886570498
131,small,1,4,10,-0.66008777,-1.517402287,2.218245484
132,small,0,2,2,-1.697941336,1.361348317,-0.691905825
133,small,0,8,6,-0.696645739,-1.598239368,-0.959620714
134,small,1,2,2,-1.012037416,-0.088611002,0.294404925
135,small,0,2,4,-1.254993352,1.449391137,-0.420922508
136,small,0,4,4,-0.547214549,0.534122511,-0.402023301
137,small,0,8,10,-0.027768315,1.176651878,-0.478235813
138,small,0,10,6,-0.402732147,1.352525312,-0.892903824
139,small,0,2,6,-0.935605672,1.42085209,-1.286272178
140,small,1,2,0,-1.106239914,1.068535594,0.364196787
141,small,0,6,4,-0.339125518,0.978922744,1.86242976
142,small,0,10,10,0.184501423,-1.56609662,0.069052652
143,small,0,10,2,-1.699619956,0.087767793,-0.995016918
144,small,0,8,4,-1.446549802,0.200341684,-0.91483872
145,small,1,10,10,1.454394394,-0.169691734,-1.110528398
146,small,0,10,6,1.212167066,-0.732670253,-1.217477063
147,small,0,4,4,0.985441839,-0.692267031,1.832463113
148,small,0,4,10,1.665157875,0.511179772,-0.139464232
149,small,1,4,10,1.012340401,0.496083769,0.992182599
150,small,1,8,10,1.299716923,0.616754053,-0.538920806
151,small,0,6,4,1.345011286,0.659851625,-0.515244367
152,small,1,0,6,1.526354716,0.586956542,-0.169068685
153,small,0,0,10,1.570201205,-0.11116188,-0.738392177
154,small,0,6,10,1.029006644,0.460307211,1.780987786
155,small,0,8,10,0.870523618,0.547466285,1.753558657
156,small,0,8,10,0.528049586,0.7112761,0.106718503
157,small,0,6,10,0.355725013,-0.604657394,-0.710053145
158,small,0,2,10,1.446756779,0.595688299,0.177267203
159,small,0,6,10,1.224005946,0.67203454,-0.392388901
160,small,0,8,10,0.493923449,0.751535572,-0.088339876
161,small,0,0,10,1.660253289,-0.066465134,-0.398389616
162,small,0,2,10,1.137989693,0.488992161,0.640212595
163,small,0,0,10,1.526354716,0.586956542,-0.169068685
164,small,0,0,10,1.526354716,0.586956542,-0.169068685
165,small,0,6,10,1.757391899,-0.714620372,-0.806757549
166,small,0,0,10,1.489594752,0.592222981,-0.348115687
167,small,0,6,10,1.816058291,0.493197652,-0.127461009
168,small,0,0,10,0.575224304,0.518592904,2.111861987
169,small,0,0,10,1.482770362,0.580175491,-0.530471632
170,small,0,8,10,1.491812202,0.590940468,-0.348360794
171,small,0,4,10,1.593050254,0.564376175,0.006669374
172,small,0,2,10,1.526354716,0.586956542,-0.169068685
173,small,0,8,10,1.526354716,0.586956542,-0.169068685
174,small,1,10,10,0.584342283,0.203279657,0.48559595
175,small,0,8,10,1.123988891,0.578987942,0.171842412
176,small,0,10,10,0.680421071,0.681765097,-0.768309218
177,small,0,2,10,1.403172425,0.588907247,-0.184135745
178,small,0,4,10,1.373236851,0.606221176,-0.180826802
179,small,0,8,10,1.194769706,0.44972347,1.974458442
180,small,0,6,10,1.528572166,0.585674029,-0.169313792
181,small,0,2,10,1.593050254,0.564376175,0.006669374
182,small,0,10,10,1.692875999,0.495148357,-0.142528068
183,small,0,0,10,1.439932389,0.583640809,-0.005088742
184,small,1,6,10,1.397264358,-0.821284125,0.025118679
185,small,0,4,10,1.56311468,0.581690104,0.009978317
186,small,0,6,10,1.662940425,0.512462286,-0.139219125
187,small,1,0,10,1.662940425,0.512462286,-0.139219125
188,small,0,8,10,0.637333548,0.689088805,0.123865629
189,small,0,8,10,1.122620294,0.480284454,1.529323605
190,small,1,0,10,1.233272853,0.556800648,0.188989538
191,small,1,10,10,1.816058291,0.493197652,-0.127461009
192,small,0,0,10,1.471828084,0.347283687,1.834353579
193,small,0,6,10,1.410953352,0.366497457,1.657972114
194,small,0,4,10,1.48447328,0.35596458,2.016066118
195,small,0,0,10,1.845993864,0.475883724,-0.130769952
196,small,0,8,10,0.923848224,0.712364927,-1.120335027
197,small,0,2,10,1.284577095,0.609515987,-0.7203576
198,small,0,0,8,0.220817924,0.743417387,-0.436791611
199,small,0,6,10,1.47764889,0.34391709,1.833710173
200,small,0,2,10,1.839618696,0.479570949,-0.130065269
201,small,0,6,10,1.233272853,0.556800648,0.188989538
202,small,0,8,10,1.447713316,0.361231018,1.837019116
203,small,0,8,10,0.80217621,-0.676299905,-0.152704848
204,small,0,10,10,1.699700389,0.507195847,0.039827877
205,small,1,4,10,0.888533975,0.488252737,1.950942209
206,small,0,8,10,0.00997693,0.547142985,-0.955451338
207,small,0,8,10,-0.871553922,0.693739894,-0.862719306
208,small,0,4,10,-0.560172421,-0.606322407,-0.959958221
209,small,0,0,10,0.116360752,-0.740954341,-0.721176318
210,small,0,8,10,0.178914104,0.513412413,-0.24168376
211,small,0,4,6,0.903110126,0.365560584,-1.048922033
212,small,1,4,10,0.887937746,-0.29302354,1.473909087
213,small,0,2,10,-0.214720336,-0.603555222,-0.208335656
214,small,0,8,10,0.548793728,-2.076432897,-0.423539629
215,small,0,0,10,1.088494713,0.431179595,-0.424350351
216,small,0,8,8,0.406877965,-0.8758565,1.075960767
217,small,1,6,10,0.833828216,-0.608504184,-0.693115345
218,small,0,2,10,-1.235836208,-0.666368837,-0.896363767
219,small,1,0,10,1.139798275,-0.348125054,-0.540899676
220,small,0,4,10,-0.231903719,0.769299132,-0.218574925
221,small,0,0,10,0.373875981,1.029640794,-0.310838401
222,small,0,10,10,0.723328201,0.746741146,-0.516311497
223,small,0,6,10,-0.374224652,0.946736304,1.272031486
224,small,1,10,10,0.232478159,0.558530219,1.542506795
225,small,0,10,10,-0.300704724,0.936203427,1.630125491
226,small,1,10,8,0.064253958,0.874549315,-1.030571573
227,small,1,8,10,1.058498109,-0.640877572,-0.689810073
228,small,1,8,10,1.158323854,-0.71010539,-0.839007516
229,small,0,0,10,0.164271362,1.028275766,-0.161925518
230,small,1,10,10,0.473701726,0.960412976,-0.460035843
231,small,1,8,10,0.416449728,-0.662992803,-1.201823612
232,small,1,0,10,-0.265587869,0.849659859,-0.851560352
233,small,1,6,10,0.767094866,0.602547058,-0.028640757
234,small,1,10,10,-0.218373758,0.897821924,0.013825099
235,small,0,10,10,0.32058386,0.979677609,-0.47179396
236,small,0,6,10,1.049234452,0.399811149,1.978126231
237,small,0,0,10,0.815014047,0.498785614,1.592848204
238,small,0,8,10,1.140521048,0.634217566,0.153750969
239,small,0,10,10,0.834772169,-0.141920381,1.530571052
240,small,0,0,4,1.626180461,0.517728724,-0.318266128
241,small,0,8,10,0.649963833,0.579064916,0.679276643
242,small,0,10,6,0.968131913,0.47952098,1.604606321
243,small,0,0,10,0.095642901,0.636882866,1.879449191
244,small,0,10,10,1.283184766,0.561524429,-0.520829363
245,small,0,10,10,0.671603948,0.56123238,1.380642699
246,small,0,10,10,1.322065809,-2.084331772,-0.636086419
247,small,0,8,10,1.781419406,-2.142125672,-0.600812069
248,small,0,4,10,-0.513188138,0.13295671,0.502024385
249,small,0,2,10,1.27053957,0.552843537,-0.702541903
250,small,0,0,4,1.191893421,0.679116258,-0.527002484
251,small,0,8,4,1.733974492,-2.151990358,-0.258030231
252,small,0,10,4,0.465193962,0.530533829,1.207929024
253,small,0,2,10,0.722886377,0.585984269,0.583782966
254,small,1,0,10,1.183359021,0.630752248,-0.371631921
255,small,0,6,10,1.06017673,0.632702953,-0.38669898
256,small,0,0,10,0.846441336,0.676349074,-1.278625048
257,small,0,0,0,1.072907793,-2.091418202,-0.167310924
258,small,0,8,10,0.981907996,0.499292938,-0.258086252
259,small,0,6,10,0.649250985,0.509369354,1.399377548
260,small,0,0,10,1.62830154,-2.122861039,-0.612570186
261,small,1,4,10,1.183359021,0.630752248,-0.371631921
262,small,0,6,10,0.614245985,0.366639659,2.393757108
263,small,0,4,8,0.815014047,0.498785614,1.592848204
264,small,0,8,8,1.06017673,0.632702953,-0.38669898
265,small,0,4,10,1.176534631,0.618704758,-0.553987866
266,small,0,0,10,0.748120193,0.674598817,-0.409571808
267,small,0,10,10,1.37155823,-0.667359349,-0.483937895
268,small,0,2,10,0.968504579,0.57183649,-0.272868753
269,small,0,6,4,0.415216844,0.781851991,-0.584567533
270,small,1,0,8,0.956721228,0.660549758,-0.741484042
271,small,0,8,8,0.691450607,-0.835125884,1.622030782
272,small,0,10,10,-0.224556366,0.911217487,-0.644302434
273,small,1,8,10,0.741494119,0.509318491,1.2347542
274,small,1,8,10,0.69332347,0.695613707,-1.290383165
275,small,0,8,10,0.165782621,0.581110586,1.366768735
276,small,0,4,10,-0.176513163,-1.222781874,-0.944341275
277,small,0,6,6,-0.0782791,0.751343826,-1.277395251
278,small,0,4,10,-0.82875251,-2.177609732,1.568316282
279,small,1,2,8,0.193776751,0.520810793,-0.060216327
280,small,1,2,10,0.827931768,0.442180769,0.183848949
281,small,0,4,10,0.39081567,0.464689904,1.303528337
282,small,0,2,10,0.723409196,-0.092730128,-0.883939392
283,small,0,10,10,0.059372981,-0.675191841,-1.097361765
284,small,1,8,10,1.073245292,-0.720626984,0.665345946
285,small,0,6,10,0.864798085,-0.701687158,-1.313462605
286,small,1,8,10,1.405414172,-0.910166701,2.059045806
287,small,0,0,10,-0.558493801,0.667258117,-0.656847127
288,small,1,6,10,-0.058210322,0.374845964,1.736974912
289,small,0,10,6,-1.058309686,-0.777276567,-0.722909807
290,small,0,10,4,1.365354088,-0.68349352,-0.428338336
291,small,0,8,10,0.186759026,0.930793608,-1.12490974
292,small,0,10,10,-0.802087888,1.102153689,-0.682777984
293,small,0,6,6,0.739860358,0.801970769,-0.53440294
294,small,0,4,6,0.766166174,0.743275828,-1.041694387
295,small,0,2,4,-0.628742215,1.022392994,-0.473881422
296,small,0,6,4,0.613048309,0.762540461,-1.053452504
297,small,0,2,10,0.513222564,0.831768279,-0.904255061
298,small,1,2,10,-0.572964687,-1.723073229,-0.818864649
299,small,0,6,10,0.258474617,0.809181708,1.516202398
300,small,0,6,6,-1.046878518,1.118890861,1.170440131
301,small,0,2,4,0.544861056,0.59024344,1.638973747
302,small,1,4,2,1.090858685,0.625635394,0.496777914
303,big,0,4,10,0.110283154,-0.556022169,-0.447959235
304,big,1,2,10,-0.864197131,0.931657788,1.305218374
305,big,0,6,10,-0.850144393,-1.244251458,-0.138563705
306,big,0,8,10,-1.131633914,-0.49723598,-0.086005677
307,big,0,2,10,-1.387826133,0.885737662,-0.496798493
308,big,0,8,10,-0.009896942,-0.627364632,-0.713517761
309,big,0,0,2,-1.911373598,1.032034211,0.706064827
310,big,0,4,10,-0.324502754,0.469387424,1.078915669
311,big,0,4,10,-0.8598996,0.275469561,0.797522039
312,big,0,2,10,-0.270892984,-0.239753612,-0.592520723
313,big,0,2,10,-0.461623589,-0.712585062,-0.202212869
314,big,0,0,10,-0.518024256,0.149448357,-1.030811854
315,big,0,2,10,-1.440184672,0.425331219,-0.49373805
316,big,1,6,4,-0.300038583,0.32353958,0.338946001
317,big,0,6,10,-0.236664416,-2.015963097,-0.135471841
318,big,0,6,10,-1.66230087,0.837254991,2.263376969
319,big,0,0,10,-0.052734915,-0.623899314,-0.188134871
320,big,0,2,10,-0.208103541,0.617559107,1.042309111
321,big,1,10,10,-0.357843117,0.760738525,0.630885095
322,big,0,8,2,0.236465339,-0.638368474,2.759109277
323,big,0,8,10,-0.931472929,-2.048904402,1.608353605
324,big,0,10,10,0.460710456,-1.147816204,2.539861248
325,big,0,0,10,-0.942883614,-1.867875624,-0.737736758
326,big,0,4,10,-1.08879594,-0.500701298,-0.611388567
327,big,0,2,10,-1.23770866,-2.010375135,1.584837372
328,big,0,6,10,-0.20364217,0.708082954,2.520012649
329,big,0,0,10,-1.682777723,0.542171808,1.608158113
330,big,0,6,10,-0.574197755,-0.736601315,1.764587137
331,big,0,8,6,0.460357844,0.547025475,-0.324907216
332,big,0,8,4,-0.60983019,0.614773696,2.428076334
333,big,0,2,10,-0.727318757,-1.934666313,2.918344586
334,big,0,0,10,-0.349770572,-2.079116461,-0.585466379
335,big,1,0,2,-0.687060925,-2.125835144,0.385015566
336,big,0,8,6,-0.827844809,-0.991447909,-0.769247902
337,big,0,4,8,-0.636647883,-1.906404891,-0.714220524
338,big,0,0,10,-0.685738325,0.84100034,0.815773476
339,big,0,6,10,-0.009896942,-0.627364632,-0.713517761
340,big,0,4,10,-0.841678157,0.981914006,-0.751833155
341,big,0,2,6,-0.316132673,-0.588835366,-0.737033995
342,big,0,6,6,0.230135228,-0.602602547,-0.409679152
343,big,0,8,6,-0.170220346,-1.956009692,-0.863382186
344,big,0,6,2,-1.340463367,0.953536069,2.840337657
345,big,0,10,6,-0.612092778,-0.237748115,1.411863213
346,big,1,8,10,-0.681606935,0.73765019,0.105466424
347,big,0,4,10,-0.410010089,-1.936202402,-0.344368403
348,big,0,4,10,-1.241913806,-0.481436664,-0.623146683
349,big,0,8,10,-1.337660948,-2.142213661,1.51641729
350,big,0,8,2,-0.93255601,-2.015513465,-0.269015832
351,big,0,4,10,-0.865779422,0.671666873,1.087706486
352,big,0,10,10,-0.969315974,-2.010247027,-0.448062835
353,big,0,8,4,-0.142668677,-0.566926883,-0.097722596
354,big,0,6,2,-0.258488072,0.075584348,0.094075666
355,big,1,2,10,-1.614463926,0.915535173,-0.866650614
356,big,1,10,10,-0.836224997,-0.681509259,1.128647181
357,big,0,6,10,-1.457140915,-0.632667932,1.353091558
358,big,1,8,10,-1.51751956,0.010220868,1.940506494
359,big,0,8,4,1.037316326,0.61843896,-0.705445533
360,big,0,0,2,-0.777402752,1.085628032,1.014909362
361,big,0,10,2,-0.874033863,1.125522328,0.842480246
362,big,0,6,4,0.323344735,0.856299351,-1.09506018
363,big,0,4,4,-0.056547883,1.018215685,-0.943588486
364,big,0,8,2,0.338172987,0.696040151,-0.221706101
365,big,0,8,4,0.853122503,-0.635336663,-0.630911419
366,big,1,8,4,0.344758437,0.660242238,-0.588654591
367,big,0,10,4,1.07407629,0.613172522,-0.526398531
368,big,0,8,2,0.963796398,0.628971837,-1.063539538
369,big,0,8,8,0.353205576,-0.704951721,-0.535414137
370,big,1,0,2,0.937998022,0.650067745,-0.218766689
371,big,0,2,2,0.186759026,0.930793608,-1.12490974
372,big,0,10,0,0.513222564,0.831768279,-0.904255061
373,big,0,6,4,0.473701726,0.960412976,-0.460035843
374,big,0,10,2,0.297038918,0.914994293,-0.587768733
375,big,0,10,6,0.574300487,0.519916391,1.790146855
376,big,0,10,2,0.207109335,1.024810448,-0.687308408
377,big,0,6,6,0.121989341,0.779266164,0.094780227
378,big,1,8,4,1.08066174,0.577374609,-0.893347022
379,big,0,0,2,0.207109335,1.024810448,-0.687308408
380,big,0,6,10,0.69577986,0.742176597,-0.741323836
381,big,0,10,2,0.601596028,-0.397115498,-0.867363593
382,big,0,8,4,0.256900665,0.796345947,-0.367149836
383,big,0,4,10,0.983925488,0.633324248,-0.882654234
384,big,0,0,2,0.186759026,0.930793608,-1.12490974
385,big,0,10,4,0.712737095,0.806166833,-0.669568014
386,big,0,0,6,0.835092766,0.247970523,-0.354579595
387,big,0,8,10,-0.590717328,-1.492872022,1.218744097
388,big,0,6,4,0.720566115,-2.127228339,-0.866699231
389,big,1,4,6,-0.147283276,0.960243576,2.146233772
390,big,0,0,10,1.939192723,-2.286025206,2.352061076
391,big,0,2,10,1.077734581,0.521916663,2.032342101
392,big,1,4,10,0.343124942,0.987697626,1.187509943
393,big,0,4,6,1.420730276,0.478120957,2.234905337
394,small,0,6,10,0.629580466,0.817770085,-1.071543947
395,small,0,8,10,0.41339682,0.900996098,-0.755057619
396,small,0,6,10,0.467992322,-1.435684189,-0.447187251
397,small,1,6,2,-0.449196031,1.09894632,-0.728951865
398,small,1,8,6,-1.781877897,0.233188655,-0.24529918
399,small,0,4,6,-0.5406864,0.552613437,1.395401997
400,small,0,10,6,0.185734796,0.129229152,-0.798276588
401,small,0,8,4,-0.061041002,1.07411446,-1.097519046
402,small,1,0,6,0.078485162,0.159514152,-0.92784394
403,small,0,2,10,-0.040251434,0.868275609,0.382713212
404,small,0,8,4,-0.464502706,1.164373374,-1.155235486
405,small,0,4,10,-1.683629908,-0.167504143,-0.394596895
406,small,0,8,8,-0.466767437,1.340764753,-0.686451317
407,small,1,2,8,-0.450950386,1.289807821,-0.395609297
408,small,0,8,4,-1.797732118,-0.202794178,-0.77688819
409,small,0,6,10,-1.625964502,-0.104728348,-0.34021903
410,small,0,8,2,-0.30012546,0.37382822,2.633649506
411,small,0,10,10,-0.417685333,-1.653795632,-0.550604972
412,small,0,0,6,-0.455736219,0.071324501,-0.852804142
413,small,0,10,6,-1.773704611,-1.630299479,-0.570942709
414,small,0,2,6,-0.305988891,-0.415117503,-0.224674281
415,small,0,0,10,-1.552623219,0.178119563,2.09164709
416,small,0,2,10,-0.87944771,-1.644194578,-0.064421484
417,small,1,2,10,-0.433682911,0.441171637,-0.482165718
418,small,0,4,10,-1.119393781,1.137220755,-0.01737767
419,small,0,10,10,-0.985348328,-0.359438248,-0.376309715
420,small,0,4,10,-0.810050833,-1.30422215,-0.661860773
421,small,0,4,10,-1.575339304,-1.643744946,-0.197965476
422,small,0,10,10,-2.057041787,1.115134779,-0.136074213
423,small,0,2,10,-1.615221333,-0.142930973,-0.707627095
424,small,0,0,2,-1.992892925,1.017782462,1.41305078
425,small,0,2,10,-1.278303647,-0.188527799,0.199366032
426,small,1,4,10,-0.435242517,1.20835279,0.101199991
427,small,0,4,10,-0.650994086,-0.821710923,-1.008215589
428,small,0,2,10,-1.242671213,-1.53990281,-0.464123165
429,small,0,0,2,-1.787380067,-0.922666941,0.377585707
430,small,0,0,8,-1.385461475,-1.668276018,-0.007160357
431,small,0,0,10,-1.422221439,-1.663009579,-0.186207359
432,small,0,6,10,-1.52828122,0.115896496,2.577535345
433,small,0,2,10,-2.039501115,0.475711298,-0.198106258
434,small,1,8,10,-1.612823219,0.527627574,0.60528991
435,small,0,2,8,-2.093801751,1.120401218,-0.315121215
436,small,0,0,2,-1.700894143,1.081329294,-0.822376881
437,small,0,10,2,-1.521343917,1.204436063,-1.100292687
438,small,1,2,2,-1.26324021,-0.502401968,1.719340201
439,small,1,8,2,-2.188392452,1.316774561,-0.774528079
440,small,0,4,10,-1.978944046,-0.332021059,0.552528773
441,small,0,8,10,-1.169151285,-1.550435687,-0.106029161
442,small,0,10,10,-2.001784614,0.235987579,1.640692657
443,small,0,10,8,-0.368341958,0.528690985,-0.358131524
444,small,0,6,4,0.058638479,-0.094574797,-0.945510679
445,small,1,4,2,-1.733122329,-1.584476566,-0.546745419
446,small,0,4,4,-0.997675338,-1.943606343,1.849765783
447,small,0,10,4,-2.292167058,1.133846685,-0.688098449
448,small,0,8,6,-2.104129355,1.268039059,-0.78384214
449,small,0,6,10,1.440189592,0.588808526,-0.708875229
450,small,1,2,10,1.053801561,0.636390178,-0.385994298
451,small,0,0,10,1.508033686,0.342337877,2.013461858
452,small,1,0,10,1.145721638,-2.361635525,-0.775530843
453,small,0,8,10,-0.533927464,-2.035110221,-0.754257847
454,small,0,6,10,-0.595097638,-0.576872526,1.885275741
455,small,0,2,8,0.819355342,-0.507067078,-0.70832344
456,big,1,0,10,1.00531608,-0.956743762,0.950856982
457,big,0,6,10,0.652702947,0.697796512,-0.765245382
458,big,1,8,10,-0.226622983,0.973490083,-1.027102425
459,big,0,6,6,0.668872634,0.551320799,1.24278145
460,big,0,10,10,0.812565055,-0.272543535,0.855443102
461,small,0,10,10,-0.767330094,0.892402486,-0.766088308
462,big,0,4,8,1.518021648,-2.107061723,-1.149711192
463,big,1,8,8,1.81683606,-0.733819982,0.118487227
464,big,0,4,10,0.298918459,-0.643812731,-0.989457902
465,big,0,0,10,-0.531289541,0.640032607,-0.79801732
466,big,1,0,6,0.451932466,0.16302836,-0.394439712
467,small,1,8,10,0.627512278,0.804643325,-0.457451534
468,small,1,6,10,1.011168115,-0.809580075,0.576475268
469,small,1,8,10,0.948854345,0.469359595,2.12738495
470,small,0,10,10,1.467065992,-0.117545744,-0.424435056
471,small,1,2,10,0.799179331,-0.548697894,-0.551666065
472,small,0,2,6,0.998425411,-1.576060587,1.479766384
473,small,1,8,10,0.284156501,0.055082437,0.653525821
474,small,0,10,10,-0.155490812,-2.05142042,-0.006281248
475,small,1,0,4,0.627704839,0.814351663,-1.116283749
476,small,0,2,10,-1.083205593,0.691633396,0.671889028
477,small,1,6,10,0.230587213,-2.191099983,-0.634137298
478,small,0,0,10,-0.334776211,-0.230291111,-0.906732798
479,big,1,0,10,0.181765545,0.651303824,0.419927447
480,big,1,8,10,0.841692187,-0.62499773,-0.867672027
481,big,1,0,10,0.71031261,-0.934399715,1.935381144
482,big,0,4,10,0.105419354,0.582884022,0.148979911
483,big,0,2,10,0.783963128,-2.117792117,1.032211205
484,big,0,0,10,1.199950588,-1.519623364,0.061849801
485,big,0,2,10,-0.104689077,0.607985435,1.002305623
486,big,0,0,10,1.102260888,-0.798940078,1.009642841
487,big,0,8,10,0.114489747,-2.329258367,0.723062678
488,big,1,8,10,0.17431702,0.629474596,1.211398172
489,small,0,2,10,-0.152146518,0.728499925,0.990743493
490,small,0,4,10,0.665517457,-0.684115434,0.251847156
491,small,0,6,10,-0.070509596,-0.742388428,-0.902347215
492,small,0,6,4,0.446484435,0.431679348,2.046080146
493,small,0,0,10,-0.902907287,0.272243638,-0.839878471
494,big,0,10,10,0.641914154,-0.687608437,-0.786894666
495,big,0,0,10,0.187603601,-2.160064598,0.212535129
496,big,0,6,10,-0.035029708,0.594368925,2.064584413
497,big,0,6,10,1.024134019,-0.801737204,0.468947785
498,big,0,6,10,1.04840081,-1.02399319,1.299951411
499,big,0,4,10,1.65423469,-2.27387149,0.757613441
500,big,0,2,10,-0.449319384,-0.305417862,2.210169305
501,big,0,0,6,-0.331826424,-0.813002819,2.216557341
