COUNTRY,Gender,aHappy,aDepressed,aWorried,aGuilty,aAfraid,aExcited,aSad,aCalm,aRelaxed,aAshamed,aTired,aAngry,aPeaceful,bHappy,bDepressed,bWorried,bGuilty,bAfraid,bExcited,bSad,bCalm,bRelaxed,bAshamed,bTired,bAngry,bPeaceful,cHappy,cDepressed,cWorried,cGuilty,cAfraid,cSad,cCalm,cRelaxed,cAshamed,cTired,cAngry,cPeaceful
1,1,5,5,5,3,5,5,5,5,5,1,1,1,5,999,999,999,999,999,999,999,999,999,999,999,999,999,999,999,999,999,999,999,999,999,999,999,999,999
1,1,3,2,3,1,2,5,2,5,3,1,3,1,4,4,5,4,3,1,4,5,5,4,3,3,2,4,999,999,999,999,999,999,999,999,999,999,999,999
1,2,4,3,3,2,1,5,3,4,5,1,2,2,5,999,999,999,999,999,999,999,999,999,999,999,999,999,999,999,999,999,999,999,999,999,999,999,999,999
1,1,5,2,3,1,3,5,3,5,5,1,4,2,5,4,3,4,2,3,4,3,4,4,3,3,3,5,4,2,2,2,2,3,4,4,3,3,3,4
1,2,4,1,3,1,1,3,2,3,5,1,3,3,3,999,999,999,999,999,999,999,999,999,999,999,999,999,999,999,999,999,999,999,999,999,999,999,999,999
1,2,4,2,5,2,5,5,2,2,1,2,5,4,1,999,999,999,999,999,999,999,999,999,999,999,999,999,999,999,999,999,999,999,999,999,999,999,999,999
1,2,5,1,1,1,1,5,1,5,5,1,3,1,5,999,999,999,999,999,999,999,999,999,999,999,999,999,999,999,999,999,999,999,999,999,999,999,999,999
1,1,5,1,2,1,1,3,1,5,5,1,3,1,5,999,999,999,999,999,999,999,999,999,999,999,999,999,999,999,999,999,999,999,999,999,999,999,999,999
1,1,4,2,2,1,1,5,1,4,4,2,3,2,4,999,999,999,999,999,999,999,999,999,999,999,999,999,999,999,999,999,999,999,999,999,999,999,999,999
1,2,5,3,4,1,5,5,3,5,3,1,5,2,3,999,999,999,999,999,999,999,999,999,999,999,999,999,999,999,999,999,999,999,999,999,999,999,999,999
1,2,4,1,2,3,2,5,2,4,2,2,4,3,5,999,999,999,999,999,999,999,999,999,999,999,999,999,999,999,999,999,999,999,999,999,999,999,999,999
1,2,2,4,3,2,2,2,4,3,2,2,4,3,2,999,999,999,999,999,999,999,999,999,999,999,999,999,999,999,999,999,999,999,999,999,999,999,999,999
1,1,4,2,2,2,1,3,1,4,4,1,5,1,5,999,999,999,999,999,999,999,999,999,999,999,999,999,999,999,999,999,999,999,999,999,999,999,999,999
1,1,5,1,1,2,2,5,1,5,5,1,4,1,5,999,999,999,999,999,999,999,999,999,999,999,999,999,999,999,999,999,999,999,999,999,999,999,999,999
1,2,4,1,3,2,3,4,2,5,4,2,4,2,5,5,3,3,2,3,4,3,5,4,2,3,3,5,5,3,3,2,3,2,5,5,2,3,3,5
1,2,5,3,2,1,1,5,4,4,5,1,5,3,4,4,2,2,2,1,5,2,2,4,1,5,2,3,4,2,4,3,3,3,5,4,3,4,2,3
1,2,4,4,4,4,4,4,3,2,3,3,5,5,3,3,4,4,2,3,5,3,2,2,3,5,3,3,999,999,999,999,999,999,999,999,999,999,999,999
1,2,5,3,4,3,3,5,5,4,5,3,4,3,5,999,999,999,999,999,999,999,999,999,999,999,999,999,999,999,999,999,999,999,999,999,999,999,999,999
1,2,1,5,3,2,2,5,4,4,5,1,4,3,2,4,888,999,1,2,4,3,4,4,1,3,2,4,999,999,999,999,999,999,999,999,999,999,999,999
1,2,5,2,2,1,2,4,2,3,4,2,3,2,3,4,2,2,1,2,4,2,4,3,2,3,1,4,999,999,999,999,999,999,999,999,999,999,999,999
1,2,5,1,2,2,2,4,1,4,4,1,1,3,3,5,1,2,1,2,5,1,4,5,1,2,1,5,5,2,1,1,2,2,4,4,2,2,2,4
1,1,3,3,4,4,4,3,4,3,3,5,4,3,3,5,4,3,2,2,5,4,3,2,3,4,3,4,999,999,999,999,999,999,999,999,999,999,999,999
1,2,4,3,2,2,3,4,3,4,4,1,5,3,4,3,3,5,4,4,5,4,4,4,2,4,3,5,999,999,999,999,999,999,999,999,999,999,999,999
1,1,5,2,4,1,1,5,5,4,3,5,5,2,5,4,2,1,1,1,5,2,4,2,1,4,2,4,5,2,2,1,4,3,5,5,2,2,2,5
1,2,5,3,3,1,2,5,2,3,5,1,1,1,5,4,2,2,2,3,4,1,4,4,2,5,2,3,999,999,999,999,999,999,999,999,999,999,999,999
1,2,4,1,2,2,2,5,2,4,2,1,5,2,2,4,1,2,1,1,4,2,5,4,1,4,1,4,4,1,2,1,1,1,5,4,1,2,1,5
1,2,2,3,5,2,5,5,5,2,5,1,5,5,5,3,5,4,2,4,2,4,3,4,4,4,5,5,4,4,4,3,1,3,1,1,1,5,3,1
1,1,5,2,3,3,2,4,2,3,3,2,3,3,3,4,2,2,2,2,5,2,4,2,2,3,2,2,999,999,999,999,999,999,999,999,999,999,999,999
1,2,4,1,4,1,1,5,3,2,4,1,4,2,5,4,1,2,1,1,4,3,3,4,1,3,2,3,4,1,1,1,1,2,3,4,1,4,2,2
1,2,3,5,5,5,5,2,5,1,1,3,5,2,1,4,5,5,1,3,4,5,3,1,2,5,5,3,999,999,999,999,999,999,999,999,999,999,999,999
1,1,4,1,2,1,1,3,1,4,3,1,3,3,3,999,999,999,999,999,999,999,999,999,999,999,999,999,999,999,999,999,999,999,999,999,999,999,999,999
1,2,5,5,5,1,5,5,4,4,1,5,5,3,4,999,999,999,999,999,999,999,999,999,999,999,999,999,4,5,4,1,4,5,5,3,4,5,3,5
1,2,4,4,3,3,3,4,4,4,4,3,4,4,4,999,999,999,999,999,999,999,999,999,999,999,999,999,999,999,999,999,999,999,999,999,999,999,999,999
1,1,5,3,3,1,2,5,2,5,5,1,2,2,4,999,999,999,999,999,999,999,999,999,999,999,999,999,999,999,999,999,999,999,999,999,999,999,999,999
1,2,5,3,1,1,4,5,4,4,4,2,4,4,5,999,999,999,999,999,999,999,999,999,999,999,999,999,999,999,999,999,999,999,999,999,999,999,999,999
1,2,4,5,2,3,3,4,5,4,3,2,4,3,2,4,5,3,2,3,3,4,3,2,2,5,3,2,3,3,3,2,3,4,4,2,3,4,3,2
1,2,5,1,2,1,1,5,1,4,4,1,1,1,4,999,999,999,999,999,999,999,999,999,999,999,999,999,999,999,999,999,999,999,999,999,999,999,999,999
1,2,4,1,3,3,3,3,3,2,3,2,3,3,4,5,1,3,1,3,4,1,3,3,2,4,2,3,5,2,3,3,4,3,3,4,3,3,3,4
1,2,5,2,3,4,2,5,1,5,5,1,3,3,5,4,1,1,2,1,3,1,3,4,1,3,2,4,3,2,1,1,1,2,4,4,1,4,3,4
1,1,5,2,3,2,3,4,2,3,4,2,3,3,4,999,999,999,999,999,999,999,999,999,999,999,999,999,999,999,999,999,999,999,999,999,999,999,999,999
1,1,5,1,1,1,1,5,1,4,5,2,4,3,3,999,999,999,999,999,999,999,999,999,999,999,999,999,999,999,999,999,999,999,999,999,999,999,999,999
1,1,4,2,2,2,2,5,2,4,4,2,5,3,4,4,2,3,2,3,4,2,3,4,2,4,3,4,999,999,999,999,999,999,999,999,999,999,999,999
1,2,5,3,3,3,5,5,3,4,5,3,5,2,5,4,4,2,1,3,5,3,5,4,2,5,2,4,999,999,999,999,999,999,999,999,999,999,999,999
1,2,3,3,2,2,2,4,2,5,3,2,3,2,4,4,2,2,2,2,4,2,5,4,2,3,2,2,999,999,999,999,999,999,999,999,999,999,999,999
1,2,5,2,3,2,4,5,3,1,2,1,4,3,3,4,1,4,1,2,3,1,5,3,1,3,1,3,5,1,4,2,3,1,4,3,1,3,2,3
1,2,4,1,3,1,1,3,1,1,3,2,5,2,4,4,2,3,1,2,4,2,4,2,2,2,2,3,4,1,2,2,1,1,3,3,1,1,1,3
1,2,3,1,3,3,3,3,3,5,5,2,5,3,4,999,999,999,999,999,999,999,999,999,999,999,999,999,999,999,999,999,999,999,999,999,999,999,999,999
1,1,5,2,4,2,999,3,3,3,5,2,3,2,1,5,4,4,2,2,5,3,2,4,3,5,3,3,3,5,2,4,2,3,4,4,2,5,2,4
1,2,5,1,1,1,1,5,2,3,4,1,4,2,4,5,1,3,2,2,5,2,3,5,1,3,2,4,999,999,999,999,999,999,999,999,999,999,999,999
1,2,5,1,1,1,1,3,1,4,5,1,5,1,3,3,2,3,1,2,2,3,4,4,3,2,3,2,999,999,999,999,999,999,999,999,999,999,999,999
1,2,5,2,2,3,2,5,2,1,4,3,3,2,1,999,999,999,999,999,999,999,999,999,999,999,999,999,999,999,999,999,999,999,999,999,999,999,999,999
1,2,4,2,2,4,5,5,4,4,3,2,4,5,4,3,3,2,2,5,2,3,4,4,1,3,2,4,999,999,999,999,999,999,999,999,999,999,999,999
1,2,5,4,5,5,5,5,5,5,5,5,5,5,5,2,4,4,4,5,3,4,3,2,1,5,4,3,999,999,999,999,999,999,999,999,999,999,999,999
1,2,4,2,2,1,999,5,1,5,5,1,2,1,5,5,2,2,1,2,5,2,4,4,1,4,2,5,999,999,999,999,999,999,999,999,999,999,999,999
1,2,5,3,2,1,2,5,2,5,5,3,3,3,5,5,2,1,2,3,5,3,4,4,3,3,2,5,4,2,2,2,3,2,4,2,2,3,2,4
1,2,999,999,999,999,999,999,999,999,999,999,999,999,999,5,2,5,1,2,5,3,4,5,4,5,1,5,999,999,999,999,999,999,999,999,999,999,999,999
1,1,999,999,999,999,999,999,999,999,999,999,999,999,999,4,2,2,1,1,4,1,4,5,1,2,1,3,999,999,999,999,999,999,999,999,999,999,999,999
1,1,999,999,999,999,999,999,999,4,5,2,3,2,5,4,2,3,2,3,4,2,3,4,3,3,2,4,4,2,3,1,2,2,4,3,1,3,1,5
1,2,5,1,3,1,4,5,2,4,4,1,3,2,5,5,1,2,2,2,5,2,4,3,2,5,2,5,999,999,999,999,999,999,999,999,999,999,999,999
1,2,2,5,2,5,4,2,5,4,4,5,5,1,2,3,4,5,5,4,3,4,3,3,4,5,5,2,999,999,999,999,999,999,999,999,999,999,999,999
1,2,3,4,2,1,2,4,2,2,3,2,3,3,4,999,999,999,999,999,999,999,999,999,999,999,999,999,999,999,999,999,999,999,999,999,999,999,999,999
1,1,4,2,3,1,1,5,2,4,4,2,4,2,3,5,1,2,2,2,5,2,4,2,2,4,2,4,999,999,999,999,999,999,999,999,999,999,999,999
1,1,4,2,3,1,2,5,3,3,3,1,3,2,4,5,1,3,2,2,5,2,3,5,1,4,1,4,999,999,999,999,999,999,999,999,999,999,999,999
1,1,5,1,1,2,1,5,1,5,4,1,1,1,5,5,888,1,1,2,4,1,5,4,1,3,1,5,999,999,999,999,999,999,999,999,999,999,999,999
1,1,5,1,1,1,2,5,1,5,5,2,2,1,5,5,1,2,2,2,5,2,4,5,1,2,1,5,5,2,3,2,2,2,4,4,1,2,2,5
1,2,5,3,4,2,3,5,3,2,3,3,2,2,3,3,3,3,2,2,3,3,4,3,2,4,2,4,999,999,999,999,999,999,999,999,999,999,999,999
1,2,4,2,3,1,1,5,2,3,5,1,3,1,5,5,1,3,1,1,5,1,1,4,1,3,1,4,3,2,1,1,2,2,3,4,2,3,3,3
1,2,4,1,2,1,2,4,2,4,3,2,5,3,3,4,2,3,888,2,4,3,4,2,2,5,3,3,999,999,999,999,999,999,999,999,999,999,999,999
1,1,5,1,2,3,3,4,3,4,5,3,5,2,4,5,2,3,1,3,4,2,4,4,5,5,2,2,999,999,999,999,999,999,999,999,999,999,999,999
1,2,3,4,2,2,2,2,4,4,5,2,5,3,5,3,4,2,2,2,2,3,5,2,2,5,2,4,4,2,3,2,2,3,3,4,2,3,3,4
1,1,3,5,5,2,5,5,5,5,3,3,5,3,1,999,999,999,999,999,999,999,999,999,999,999,999,999,999,999,999,999,999,999,999,999,999,999,999,999
1,1,4,2,2,2,3,4,2,2,3,1,4,3,4,4,2,2,2,2,3,1,4,4,1,3,2,4,999,999,999,999,999,999,999,999,999,999,999,999
1,1,4,1,2,1,1,4,1,4,3,1,1,1,4,5,1,2,1,2,3,1,4,3,1,3,1,4,999,999,999,999,999,999,999,999,999,999,999,999
1,2,5,1,3,2,2,4,2,4,5,2,3,2,5,999,999,999,999,999,999,999,999,999,999,999,999,999,999,999,999,999,999,999,999,999,999,999,999,999
1,1,5,1,3,2,1,5,2,2,4,2,4,2,4,999,999,999,999,999,999,999,999,999,999,999,999,999,999,999,999,999,999,999,999,999,999,999,999,999
1,1,5,1,3,1,3,5,2,5,4,3,2,2,4,999,999,999,999,999,999,999,999,999,999,999,999,999,999,999,999,999,999,999,999,999,999,999,999,999
1,2,4,3,2,1,3,5,5,5,3,2,5,5,5,4,4,5,1,2,5,5,2,3,1,5,4,5,999,999,999,999,999,999,999,999,999,999,999,999
1,2,4,2,3,1,2,4,3,2,3,1,4,3,3,2,2,2,5,4,2,999,2,1,3,1,2,2,999,999,999,999,999,999,999,999,999,999,999,999
1,2,4,4,4,4,4,4,4,3,3,3,3,3,3,3,1,3,1,1,3,2,3,5,3,3,3,3,999,999,999,999,999,999,999,999,999,999,999,999
1,2,5,2,3,2,2,5,3,4,3,3,4,2,5,4,2,3,2,2,5,2,4,3,2,2,3,2,4,1,2,3,2,2,5,4,1,3,1,3
1,2,4,1,1,1,3,5,1,5,5,2,5,1,5,5,1,1,1,3,5,3,5,5,1,3,1,5,999,999,999,999,999,999,999,999,999,999,999,999
1,2,5,3,2,4,5,4,4,3,3,5,3,2,4,5,1,1,1,1,2,1,1,3,2,3,4,1,999,999,999,999,999,999,999,999,999,999,999,999
1,2,3,3,5,4,5,4,5,5,4,3,2,5,3,999,999,999,999,999,999,999,999,999,999,999,999,999,999,999,999,999,999,999,999,999,999,999,999,999
1,2,2,3,4,1,5,3,2,2,2,2,1,2,3,3,4,5,2,5,2,4,2,2,5,4,4,2,999,999,999,999,999,999,999,999,999,999,999,999
1,1,4,1,3,1,1,5,1,5,3,1,2,1,4,5,1,4,2,2,4,1,4,4,3,4,5,4,999,999,999,999,999,999,999,999,999,999,999,999
1,2,5,1,2,3,2,1,3,2,4,2,2,3,4,5,3,5,3,4,5,4,2,4,1,4,2,5,999,999,999,999,999,999,999,999,999,999,999,999
1,1,3,4,5,3,2,4,2,2,5,3,5,5,4,4,2,5,5,4,4,3,5,5,3,5,2,4,4,4,4,3,3,2,5,5,2,4,2,4
1,2,5,1,2,999,1,2,1,4,4,1,3,1,3,5,1,2,2,3,3,2,4,3,2,3,1,4,4,1,4,1,4,2,5,4,1,3,1,3
1,1,5,1,3,2,2,5,1,5,4,1,1,3,5,5,2,3,2,2,5,2,5,4,2,3,2,4,4,2,2,2,999,2,999,5,1,3,3,3
1,2,5,3,2,2,4,5,2,5,4,2,5,2,4,5,1,3,2,2,5,3,5,5,3,3,3,5,999,999,999,999,999,999,999,999,999,999,999,999
1,2,4,4,2,2,3,2,4,2,4,3,2,3,1,4,4,3,2,2,4,2,4,3,2,3,2,4,4,5,3,2,3,2,4,2,3,4,4,2
1,2,3,3,4,1,3,4,3,5,4,1,4,2,4,4,3,3,1,2,4,3,4,4,3,4,2,4,4,3,3,1,2,3,4,5,1,2,3,4
1,2,3,4,4,2,3,3,4,4,3,3,2,2,3,3,3,2,2,3,2,3,4,2,4,3,3,4,3,3,3,2,5,4,4,3,4,3,3,4
1,1,5,1,2,1,1,5,1,5,5,1,3,1,5,999,999,999,999,999,999,999,999,999,999,999,999,999,999,999,999,999,999,999,999,999,999,999,999,999
1,2,3,3,3,2,2,4,3,2,2,2,4,3,1,4,2,4,1,4,2,3,3,2,1,3,2,2,4,4,2,1,3,3,2,2,3,4,3,3
1,1,4,1,1,1,1,5,1,4,4,1,1,1,5,5,1,1,1,1,5,1,5,4,1,1,1,5,5,1,2,1,1,1,4,4,1,1,1,4
1,2,5,1,1,2,2,4,2,4,4,1,3,2,4,4,1,2,2,2,4,2,4,4,2,5,2,2,4,2,3,1,2,2,999,999,999,999,999,999
1,999,999,999,999,999,999,999,999,999,999,999,999,999,999,4,3,4,3,3,5,3,4,3,4,4,3,3,5,1,3,2,2,3,5,4,1,5,1,5
1,1,4,3,3,999,4,5,4,4,4,3,3,4,5,5,2,2,3,2,5,2,5,5,2,3,2,5,999,999,999,999,999,999,999,999,999,999,999,999
1,1,5,1,3,1,1,5,1,3,5,1,5,2,4,5,2,3,2,2,5,2,5,5,2,3,2,5,999,999,999,999,999,999,999,999,999,999,999,999
1,2,3,3,3,1,3,3,3,3,4,1,5,2,2,4,4,4,2,3,5,5,5,5,2,5,4,4,5,2,3,2,3,1,2,2,2,4,1,3
1,2,5,1,2,1,2,3,1,4,4,1,3,2,4,5,3,2,3,3,4,2,5,4,2,5,2,5,4,2,3,2,3,3,4,3,2,5,3,3
1,2,4,1,2,1,1,4,2,5,5,1,3,1,5,5,1,3,2,3,3,3,4,5,2,4,1,3,999,999,999,999,999,999,999,999,999,999,999,999
1,1,4,4,4,2,4,5,3,3,4,2,3,3,4,3,5,5,5,5,4,5,4,4,5,2,5,4,999,999,999,999,999,999,999,999,999,999,999,999
1,2,5,2,2,1,2,5,2,2,999,1,3,2,3,4,3,3,1,2,5,2,1,2,1,4,2,5,999,999,999,999,999,999,999,999,999,999,999,999
1,1,5,2,2,1,1,5,1,5,5,1,1,1,5,5,1,1,1,1,4,1,4,5,1,1,1,3,5,3,2,1,1,2,5,5,1,3,3,4
1,2,5,1,1,1,2,5,2,5,5,2,4,1,5,999,999,999,999,999,999,999,999,999,999,999,999,999,999,999,999,999,999,999,999,999,999,999,999,999
1,1,2,1,1,1,1,2,1,2,2,1,1,5,1,3,1,2,1,3,3,3,3,3,1,4,4,2,999,999,999,999,999,999,999,999,999,999,999,999
1,2,4,2,1,1,1,1,1,4,4,1,5,4,2,999,999,999,999,999,999,999,999,999,999,999,999,999,999,999,999,999,999,999,999,999,999,999,999,999
1,2,4,1,2,2,2,4,2,3,4,1,3,2,2,4,1,3,1,3,5,4,4,2,2,5,3,4,4,1,3,2,1,2,4,3,2,4,2,4
1,1,5,1,2,1,1,5,1,3,4,1,3,1,3,3,1,1,1,1,5,1,1,2,1,5,5,2,5,2,2,1,1,2,2,1,1,4,4,2
1,2,5,1,2,2,1,5,2,4,999,1,4,1,3,999,999,999,999,999,999,999,999,999,999,999,999,999,999,999,999,999,999,999,999,999,999,999,999,999
1,2,5,1,3,1,3,5,3,2,2,3,5,4,4,999,999,999,999,999,999,999,999,999,999,999,999,999,999,999,999,999,999,999,999,999,999,999,999,999
1,2,4,1,2,1,3,5,2,4,5,1,4,1,5,4,3,4,2,2,5,3,4,5,2,3,2,5,999,999,999,999,999,999,999,999,999,999,999,999
1,2,4,3,5,1,3,3,3,5,4,2,4,2,2,4,5,5,1,3,3,4,5,3,2,5,2,3,999,999,999,999,999,999,999,999,999,999,999,999
1,2,5,2,2,1,1,5,2,3,4,2,2,2,4,5,2,3,2,1,5,2,4,4,1,3,1,3,5,3,2,2,1,3,3,3,3,4,3,3
1,2,5,2,3,2,2,5,2,4,2,2,4,2,4,4,2,3,2,3,4,3,4,3,3,5,3,4,5,1,2,2,2,2,4,4,2,4,2,3
1,1,5,5,5,3,4,4,4,3,3,4,5,5,3,5,2,2,2,2,5,2,4,4,2,2,2,4,5,2,2,2,2,2,3,4,2,3,2,4
1,1,4,1,3,3,2,4,1,3,4,2,3,4,5,4,1,4,2,3,4,3,2,3,2,3,3,5,4,1,3,2,3,1,4,4,4,2,3,5
1,1,4,2,2,5,5,5,1,3,3,3,2,2,3,999,999,999,999,999,999,999,999,999,999,999,999,999,999,999,999,999,999,999,999,999,999,999,999,999
1,2,4,1,2,1,1,1,1,5,3,1,2,1,3,5,2,3,1,2,3,1,5,2,2,4,1,3,4,1,1,1,1,1,4,4,1,3,1,4
1,2,4,2,2,2,1,4,2,3,4,2,3,2,2,4,4,4,3,4,5,4,4,4,3,4,4,3,999,999,999,999,999,999,999,999,999,999,999,999
1,2,5,1,2,1,2,5,1,3,5,1,3,2,4,5,1,1,1,3,5,3,3,4,1,3,2,4,4,1,1,1,1,1,3,4,1,4,1,4
1,2,5,2,3,2,3,5,3,3,3,2,3,4,3,4,2,3,888,2,4,3,4,3,2,4,2,3,999,999,999,999,999,999,999,999,999,999,999,999
1,1,4,1,1,2,1,5,3,4,5,1,3,2,5,4,2,2,1,3,4,2,3,4,3,2,3,3,4,888,2,1,1,3,4,2,1,4,3,4
1,2,4,3,3,2,3,4,4,3,4,3,4,4,3,4,4,4,3,3,3,4,4,3,3,4,4,3,999,999,999,999,999,999,999,999,999,999,999,999
1,1,5,2,2,1,2,5,2,4,4,2,4,3,3,999,999,999,999,999,999,999,999,999,999,999,999,999,999,999,999,999,999,999,999,999,999,999,999,999
1,2,5,1,3,5,1,5,1,1,5,1,5,1,3,5,1,1,2,3,5,2,3,4,1,4,2,3,999,999,999,999,999,999,999,999,999,999,999,999
1,2,5,3,3,4,2,5,4,2,4,2,4,3,4,4,2,3,2,3,4,3,3,4,1,4,2,4,4,2,4,2,4,2,3,4,2,3,3,3
1,2,4,2,2,1,2,4,2,3,4,2,4,1,4,4,2,4,1,2,4,2,3,3,2,4,1,4,4,2,3,1,1,2,5,4,1,4,1,4
1,1,5,2,2,2,2,5,2,3,3,1,5,2,2,999,999,999,999,999,999,999,999,999,999,999,999,999,999,999,999,999,999,999,999,999,999,999,999,999
1,1,5,3,3,2,3,3,4,4,3,2,2,3,4,5,4,2,1,4,5,4,5,4,2,3,2,5,4,3,4,2,3,3,4,3,2,3,3,4
1,2,4,3,3,2,1,4,3,4,4,2,4,2,4,999,999,999,999,999,999,999,999,999,999,999,999,999,999,999,999,999,999,999,999,999,999,999,999,999
1,2,4,2,5,1,4,5,3,4,4,1,4,4,4,3,3,5,2,1,4,2,999,3,1,5,3,4,4,2,4,2,3,2,3,3,3,5,3,3
1,1,5,1,3,4,2,5,1,2,5,1,5,5,4,5,1,3,2,3,5,3,5,5,2,3,5,3,5,3,3,2,2,3,4,4,1,999,1,4
1,2,4,2,3,3,3,4,3,4,4,1,4,2,4,4,2,3,2,1,4,3,4,4,1,3,2,4,4,2,3,1,2,2,4,3,1,4,2,3
1,2,5,2,2,1,2,3,3,5,5,1,3,1,3,5,1,2,3,2,4,3,3,5,2,5,2,5,999,999,999,999,999,999,999,999,999,999,999,999
1,1,4,1,3,1,2,4,1,4,4,2,4,2,3,4,2,3,3,3,2,3,3,3,3,4,2,3,3,4,4,3,3,3,3,3,3,3,3,3
1,2,5,2,2,1,3,4,2,3,4,1,3,1,3,3,2,3,1,4,3,2,3,4,3,4,1,3,4,2,3,1,2,2,3,4,2,5,1,5
1,1,5,2,1,1,1,5,2,3,3,1,3,2,3,999,999,999,999,999,999,999,999,999,999,999,999,999,999,999,999,999,999,999,999,999,999,999,999,999
1,1,4,1,3,1,2,4,1,4,4,1,4,1,4,999,999,999,999,999,999,999,999,999,999,999,999,999,999,999,999,999,999,999,999,999,999,999,999,999
1,1,4,1,2,1,2,5,2,4,4,1,2,2,5,999,999,999,999,999,999,999,999,999,999,999,999,999,999,999,999,999,999,999,999,999,999,999,999,999
1,2,2,3,3,2,2,2,3,3,2,3,4,4,2,4,3,4,2,2,3,3,4,2,3,4,3,2,4,3,4,2,2,4,3,2,1,5,3,2
1,1,5,3,2,2,2,5,4,4,4,2,3,2,5,999,999,999,999,999,999,999,999,999,999,999,999,999,999,999,999,999,999,999,999,999,999,999,999,999
1,1,4,2,3,3,3,4,3,4,4,3,4,4,4,5,1,1,1,2,5,1,5,5,1,3,1,5,5,1,5,4,5,5,3,4,2,4,3,4
1,1,5,1,1,1,1,5,1,4,4,1,3,1,4,5,2,2,1,1,5,2,4,4,1,2,2,3,5,2,2,1,1,2,4,5,2,3,2,4
1,2,5,2,2,1,5,3,5,3,4,4,5,4,4,999,999,999,999,999,999,999,999,999,999,999,999,999,5,1,1,2,3,2,4,5,3,4,3,3
1,2,5,2,5,1,2,5,3,3,2,1,4,2,3,999,999,999,999,999,999,999,999,999,999,999,999,999,999,999,999,999,999,999,999,999,999,999,999,999
1,1,4,1,2,1,1,5,1,3,1,1,3,1,2,999,999,999,999,999,999,999,999,999,999,999,999,999,4,1,3,1,2,2,3,3,2,2,2,3
1,2,4,1,3,2,1,4,2,4,3,1,4,2,3,999,999,999,999,999,999,999,999,999,999,999,999,999,999,999,999,999,999,999,999,999,999,999,999,999
1,2,5,2,5,1,3,5,2,4,3,2,4,999,3,5,2,2,1,5,5,1,5,4,999,3,3,4,5,1,3,2,3,2,5,5,2,3,2,4
1,2,5,1,3,1,1,4,3,4,5,1,4,1,5,5,1,1,1,1,5,1,5,4,1,3,1,5,5,1,3,2,1,2,5,5,2,4,1,5
1,2,5,2,1,1,1,5,1,4,5,1,2,1,5,999,999,999,999,999,999,999,999,999,999,999,999,999,999,999,999,999,999,999,999,999,999,999,999,999
1,1,3,3,4,1,2,3,2,2,3,1,4,2,3,4,2,2,1,2,2,2,4,3,1,3,2,3,4,3,2,1,1,4,3,4,1,4,2,3
1,1,3,2,4,1,2,4,2,3,4,1,3,2,3,5,3,3,1,1,4,3,4,4,1,3,2,4,4,3,3,1,3,3,3,4,1,3,3,3
1,1,4,1,3,1,1,4,3,3,4,2,3,2,4,4,2,3,1,2,4,2,4,4,1,5,2,3,4,1,2,2,2,2,4,3,1,3,2,3
1,2,3,5,4,2,3,4,4,3,3,2,2,2,3,999,999,999,999,999,999,999,999,999,999,999,999,999,999,999,999,999,999,999,999,999,999,999,999,999
1,2,5,2,1,1,2,5,3,4,4,1,4,3,5,999,999,999,999,999,999,999,999,999,999,999,999,999,999,999,999,999,999,999,999,999,999,999,999,999
1,1,5,1,3,1,1,4,1,4,3,1,3,2,4,999,999,999,999,999,999,999,999,999,999,999,999,999,999,999,999,999,999,999,999,999,999,999,999,999
1,2,4,2,3,3,2,4,2,4,3,2,4,2,4,999,999,999,999,999,999,999,999,999,999,999,999,999,999,999,999,999,999,999,999,999,999,999,999,999
1,2,4,2,2,2,3,5,2,3,2,3,2,3,5,4,1,2,3,3,3,3,4,4,3,5,3,3,5,3,3,2,4,3,2,3,4,5,3,3
1,1,4,2,3,2,2,4,2,4,3,1,3,3,3,4,2,2,1,2,4,2,4,4,1,3,2,4,4,1,1,1,1,2,4,4,1,3,2,4
1,1,4,3,2,2,2,5,2,4,4,2,3,2,5,4,3,3,2,3,4,2,4,3,3,3,3,4,4,2,3,2,2,2,3,4,2,3,3,4
1,1,4,1,2,5,2,5,1,5,5,1,5,5,3,4,1,3,2,2,4,1,4,5,1,3,2,3,4,3,3,2,1,3,4,4,1,3,3,2
1,999,999,999,999,999,999,999,999,999,999,999,999,999,999,4,2,2,1,1,2,1,3,4,2,4,1,4,999,999,999,999,999,999,999,999,999,999,999,999
1,2,2,4,4,2,2,2,4,2,2,3,5,4,2,999,999,999,999,999,999,999,999,999,999,999,999,999,999,999,999,999,999,999,999,999,999,999,999,999
1,2,5,2,3,2,4,5,2,4,4,1,5,1,4,999,999,999,999,999,999,999,999,999,999,999,999,999,999,999,999,999,999,999,999,999,999,999,999,999
1,1,4,1,3,1,5,5,1,4,3,1,4,1,5,5,2,3,2,2,4,2,4,3,2,3,2,3,999,999,999,999,999,999,999,999,999,999,999,999
1,2,4,2,2,1,2,5,1,4,5,2,3,2,4,999,999,999,999,999,999,999,999,999,999,999,999,999,999,999,999,999,999,999,999,999,999,999,999,999
1,2,3,5,5,4,4,888,999,3,2,2,5,4,2,999,999,999,999,999,999,999,999,999,999,999,999,999,3,4,3,1,2,4,5,5,2,5,3,5
1,2,4,4,5,3,5,3,4,3,2,4,5,4,3,2,5,5,5,5,3,5,3,1,5,5,5,3,999,999,999,999,999,999,999,999,999,999,999,999
1,1,2,2,4,2,1,3,3,1,4,5,3,5,2,5,999,1,5,888,5,999,5,3,1,1,5,1,999,999,999,999,999,999,999,999,999,999,999,999
1,2,4,5,5,3,5,4,5,2,3,2,5,5,4,999,999,999,999,999,999,999,999,999,999,999,999,999,999,999,999,999,999,999,999,999,999,999,999,999
1,2,4,2,2,2,1,4,2,4,4,1,5,2,5,999,999,999,999,999,999,999,999,999,999,999,999,999,2,5,5,5,5,5,4,3,5,5,5,2
1,2,5,1,2,1,1,5,1,5,4,1,1,1,4,5,1,1,1,1,5,2,5,5,1,5,1,5,999,999,999,999,999,999,999,999,999,999,999,999
1,2,5,5,2,5,5,5,5,1,5,5,5,5,5,999,999,999,999,999,999,999,999,999,999,999,999,999,999,999,999,999,999,999,999,999,999,999,999,999
1,2,4,3,3,3,3,4,3,3,4,2,3,2,3,5,2,3,3,2,4,3,3,3,2,4,3,3,999,999,999,999,999,999,999,999,999,999,999,999
1,1,5,1,1,3,1,3,1,5,5,3,5,3,5,999,999,999,999,999,999,999,999,999,999,999,999,999,999,999,999,999,999,999,999,999,999,999,999,999
1,2,3,2,1,1,5,1,1,5,5,1,5,4,5,999,999,999,999,999,999,999,999,999,999,999,999,999,999,999,999,999,999,999,999,999,999,999,999,999
1,1,5,4,2,2,3,4,3,1,4,2,2,4,3,4,2,2,2,2,4,2,1,4,2,1,4,4,4,2,1,1,2,1,3,3,1,1,2,5
1,2,4,3,4,3,3,3,4,1,5,1,5,1,1,4,4,5,2,5,4,3,3,5,1,5,3,3,4,4,5,3,4,3,4,3,2,5,2,3
1,1,3,2,2,2,1,2,3,4,5,1,3,2,5,999,999,999,999,999,999,999,999,999,999,999,999,999,999,999,999,999,999,999,999,999,999,999,999,999
1,1,3,3,1,1,1,2,1,4,4,2,3,3,3,999,999,999,999,999,999,999,999,999,999,999,999,999,999,999,999,999,999,999,999,999,999,999,999,999
1,2,4,4,5,4,4,5,999,5,2,1,5,2,5,4,2,5,3,2,4,4,4,2,4,5,4,3,999,999,999,999,999,999,999,999,999,999,999,999
1,1,5,5,1,1,1,5,1,5,5,1,1,1,5,999,999,999,999,999,999,999,999,999,999,999,999,999,999,999,999,999,999,999,999,999,999,999,999,999
1,2,5,2,3,3,2,4,2,2,4,3,4,5,4,5,4,2,2,5,4,3,3,4,2,4,999,2,999,999,999,999,999,999,999,999,999,999,999,999
1,1,5,2,4,1,1,5,1,3,4,1,5,1,3,999,999,999,999,999,999,999,999,999,999,999,999,999,999,999,999,999,999,999,999,999,999,999,999,999
1,2,3,999,5,1,3,2,3,3,4,1,5,2,2,4,1,1,1,2,4,2,3,3,1,5,3,2,5,1,2,1,1,1,2,4,1,3,3,4
1,2,5,2,3,2,2,5,4,3,999,1,4,1,2,5,1,2,4,5,1,999,3,5,2,4,3,5,5,1,3,1,1,2,3,4,2,3,2,3
1,2,3,4,3,3,4,3,3,3,4,4,3,3,4,4,2,2,888,1,5,3,1,1,2,3,2,1,999,999,999,999,999,999,999,999,999,999,999,999
1,1,3,5,2,4,1,888,2,2,3,4,2,3,4,999,999,999,999,999,999,999,999,999,999,999,999,999,999,999,999,999,999,999,999,999,999,999,999,999
1,2,3,2,3,2,2,2,2,5,3,1,3,2,3,999,999,999,999,999,999,999,999,999,999,999,999,999,999,999,999,999,999,999,999,999,999,999,999,999
1,1,5,1,2,2,3,5,2,4,5,2,3,2,4,5,1,2,2,3,5,3,5,5,3,4,2,5,5,1,3,1,2,3,4,4,1,3,2,5
1,2,5,1,3,888,4,5,5,5,2,3,5,2,4,999,999,999,999,999,999,999,999,999,999,999,999,999,999,999,999,999,999,999,999,999,999,999,999,999
1,1,4,1,3,2,1,5,1,3,4,1,1,1,5,5,888,3,1,1,5,2,4,3,1,2,1,5,5,2,3,1,1,2,4,3,1,2,1,5
1,1,4,2,2,3,3,5,2,4,4,2,3,2,4,5,1,2,2,2,5,1,4,4,1,3,3,3,999,999,999,999,999,999,999,999,999,999,999,999
1,1,5,4,5,1,5,5,3,2,5,3,5,4,4,999,999,999,999,999,999,999,999,999,999,999,999,999,999,999,999,999,999,999,999,999,999,999,999,999
1,1,5,2,3,2,2,5,3,4,4,1,3,3,3,5,1,2,1,1,4,2,4,3,2,4,2,3,999,999,999,999,999,999,999,999,999,999,999,999
1,2,4,2,3,2,3,4,3,4,4,2,3,2,4,3,3,2,1,2,4,3,3,3,1,4,2,3,999,999,999,999,999,999,999,999,999,999,999,999
1,2,3,5,5,5,5,2,5,5,2,5,5,5,3,3,5,5,3,5,4,5,4,2,1,5,3,2,999,999,999,999,999,999,999,999,999,999,999,999
1,2,3,3,2,2,4,3,2,5,5,1,4,4,5,999,999,999,999,999,999,999,999,999,999,999,999,999,999,999,999,999,999,999,999,999,999,999,999,999
1,2,3,4,4,2,3,2,4,4,3,3,4,4,2,4,3,3,2,3,4,3,4,3,3,4,3,3,999,999,999,999,999,999,999,999,999,999,999,999
1,2,5,1,2,1,2,3,2,4,4,1,4,2,4,4,1,3,1,2,4,2,3,3,2,2,2,3,5,1,2,1,1,1,3,4,2,3,2,3
1,1,5,1,2,1,1,5,1,5,5,1,3,1,5,5,1,2,1,1,5,1,4,4,1,3,1,3,4,1,2,1,2,1,4,4,1,3,1,3
1,1,4,1,2,1,1,3,2,4,4,1,3,2,3,4,1,2,1,2,3,2,4,4,2,3,2,4,999,999,999,999,999,999,999,999,999,999,999,999
1,2,5,2,3,2,3,5,4,5,3,2,5,3,4,5,2,3,3,3,4,3,4,2,2,5,3,5,999,999,999,999,999,999,999,999,999,999,999,999
1,1,5,1,3,888,999,5,2,4,5,2,3,888,4,999,999,999,999,999,999,999,999,999,999,999,999,999,999,999,999,999,999,999,999,999,999,999,999,999
1,2,5,2,2,1,2,5,2,4,4,2,3,2,4,999,999,999,999,999,999,999,999,999,999,999,999,999,999,999,999,999,999,999,999,999,999,999,999,999
1,2,5,1,2,1,3,888,999,5,3,1,3,1,4,999,999,999,999,999,999,999,999,999,999,999,999,999,999,999,999,999,999,999,999,999,999,999,999,999
1,2,2,4,5,3,4,4,3,2,1,3,5,4,2,4,3,3,3,3,5,2,2,3,2,3,3,2,999,999,999,999,999,999,999,999,999,999,999,999
1,999,999,999,999,999,999,999,999,999,999,999,999,999,999,4,2,3,1,1,5,3,3,5,2,2,2,4,4,2,999,3,2,2,2,1,3,3,2,3
1,999,999,999,999,999,999,999,999,999,999,999,999,999,999,3,2,1,1,3,2,3,1,3,1,5,1,1,999,999,999,999,999,999,999,999,999,999,999,999
1,999,999,999,999,999,999,999,999,999,999,999,999,999,999,5,2,3,2,3,5,2,5,5,2,4,3,5,999,999,999,999,999,999,999,999,999,999,999,999
1,2,3,1,2,2,3,3,3,3,3,2,2,2,3,5,3,2,2,3,5,2,5,2,3,4,5,4,999,999,999,999,999,999,999,999,999,999,999,999
1,2,3,1,1,1,1,2,1,1,2,1,3,2,3,2,5,4,1,3,1,2,4,4,1,5,3,5,2,4,3,1,5,4,2,1,1,5,4,4
1,2,5,2,4,1,2,5,2,5,5,1,5,1,5,4,3,3,1,1,2,4,5,2,1,5,5,2,5,1,2,1,2,2,5,5,1,5,2,3
1,1,5,1,2,1,1,5,1,5,3,1,4,1,5,5,1,1,1,2,4,2,4,999,2,4,2,4,5,2,3,2,1,1,3,3,1,5,1,4
1,2,5,2,3,2,2,5,2,1,4,1,3,1,2,5,2,2,3,2,5,2,2,4,3,5,2,3,5,3,2,1,1,2,4,4,5,5,2,3
1,1,4,2,3,1,888,999,1,4,4,2,3,2,5,999,999,999,999,999,999,999,999,999,999,999,999,999,999,999,999,999,999,999,999,999,999,999,999,999
1,1,3,4,5,4,3,4,3,3,5,3,2,4,2,999,999,999,999,999,999,999,999,999,999,999,999,999,3,2,4,3,3,5,3,2,3,4,3,4
1,2,3,3,4,3,2,2,4,3,3,2,5,3,4,5,4,5,2,3,4,4,3,1,4,5,3,5,999,999,999,999,999,999,999,999,999,999,999,999
1,1,4,3,1,1,2,4,3,3,4,1,3,2,3,3,2,3,1,2,3,1,2,3,1,4,2,2,3,4,2,2,2,2,2,3,2,3,3,3
1,2,4,3,3,3,4,3,3,4,3,2,4,3,4,4,3,3,2,3,3,3,5,2,2,5,3,3,999,999,999,999,999,999,999,999,999,999,999,999
1,1,3,4,2,2,2,3,3,5,4,2,2,2,5,3,4,2,2,2,2,3,5,4,2,3,2,5,999,999,999,999,999,999,999,999,999,999,999,999
1,1,3,2,2,1,1,1,1,1,1,1,1,1,1,999,999,999,999,999,999,999,999,999,999,999,999,999,999,999,999,999,999,999,999,999,999,999,999,999
1,2,4,3,2,2,3,4,2,5,2,2,2,2,5,3,2,1,2,2,5,1,5,5,3,4,1,5,4,3,3,1,3,4,5,4,1,3,3,5
1,1,4,1,1,2,1,2,1,3,4,1,1,4,3,4,1,2,1,1,2,1,3,3,1,3,2,3,2,1,1,1,1,1,3,4,2,3,3,3
1,1,5,3,2,1,1,4,2,4,5,1,3,3,4,999,999,999,999,999,999,999,999,999,999,999,999,999,4,3,3,3,3,3,4,4,2,4,3,5
1,2,3,3,2,1,1,1,3,3,2,1,3,2,2,999,999,999,999,999,999,999,999,999,999,999,999,999,2,3,2,1,1,2,2,2,1,4,3,2
1,2,4,3,2,2,5,3,1,4,3,2,4,3,4,999,999,999,999,999,999,999,999,999,999,999,999,999,3,2,3,3,4,3,4,3,1,5,3,1
1,2,5,1,2,1,2,4,1,5,4,1,3,2,4,3,2,3,1,2,3,3,2,2,2,4,4,3,3,4,3,1,2,2,2,2,1,4,4,2
1,2,5,3,3,3,2,4,3,5,3,2,3,3,3,5,2,3,1,2,4,3,4,3,2,3,3,3,5,3,3,2,3,3,5,5,2,3,3,5
1,2,5,2,2,3,2,5,1,4,4,1,4,3,5,999,999,999,999,999,999,999,999,999,999,999,999,999,999,999,999,999,999,999,999,999,999,999,999,999
1,2,1,3,999,2,2,1,3,1,3,3,3,1,2,1,999,1,5,5,888,1,1,5,5,1,1,1,999,999,999,999,999,999,999,999,999,999,999,999
1,1,5,4,3,2,1,5,1,1,5,2,1,4,5,5,1,5,3,1,5,1,5,5,2,5,5,5,999,999,999,999,999,999,999,999,999,999,999,999
1,1,4,3,3,1,2,4,3,4,5,2,5,2,3,5,3,4,2,2,5,2,5,4,2,4,2,4,4,3,2,1,2,2,5,4,2,4,2,4
1,2,4,1,1,1,2,5,1,3,3,1,4,1,1,5,2,2,1,2,3,3,4,4,1,5,1,3,5,1,2,1,2,1,4,3,1,4,2,4
1,1,5,1,1,1,1,5,1,5,1,1,3,1,5,5,1,1,1,1,5,1,5,1,1,3,888,3,2,1,2,1,3,2,4,2,1,2,1,3
1,1,5,1,1,1,1,5,1,5,5,1,5,1,5,999,999,999,999,999,999,999,999,999,999,999,999,999,5,1,5,999,1,1,5,5,2,5,1,5
1,1,5,3,5,2,3,4,2,3,3,2,5,2,4,999,999,999,999,999,999,999,999,999,999,999,999,999,999,999,999,999,999,999,999,999,999,999,999,999
1,2,5,3,1,2,4,4,3,3,3,2,5,3,4,4,3,4,2,1,5,3,5,5,2,5,2,3,4,1,2,1,1,1,3,2,1,3,2,2
1,1,4,1,1,1,2,5,1,3,3,1,3,1,3,5,1,3,3,2,3,1,1,1,2,1,1,3,999,999,999,999,999,999,999,999,999,999,999,999
1,1,5,1,1,1,5,5,1,5,5,1,5,1,5,5,1,1,1,1,5,1,5,5,1,5,1,5,999,999,999,999,999,999,999,999,999,999,999,999
1,2,3,3,4,3,3,2,3,3,2,3,5,3,2,3,3,5,2,3,3,4,3,3,3,5,3,3,999,999,999,999,999,999,999,999,999,999,999,999
1,1,5,3,4,3,3,5,3,4,3,3,4,4,3,3,4,3,2,4,5,4,4,2,2,5,4,3,5,2,3,1,3,2,5,5,2,3,2,4
1,2,4,2,2,1,2,5,1,4,4,1,2,2,5,4,2,3,2,2,4,2,4,5,2,3,2,5,999,999,999,999,999,999,999,999,999,999,999,999
1,1,3,3,1,2,3,4,3,4,2,1,3,3,3,999,999,999,999,999,999,999,999,999,999,999,999,999,999,999,999,999,999,999,999,999,999,999,999,999
1,2,5,2,3,1,2,3,1,5,3,2,4,3,3,999,999,999,999,999,999,999,999,999,999,999,999,999,999,999,999,999,999,999,999,999,999,999,999,999
1,2,5,1,3,1,1,4,1,4,4,1,4,1,4,5,3,4,1,3,5,1,4,3,1,1,1,5,5,1,4,1,1,1,4,3,2,5,1,5
1,2,4,2,3,2,3,4,3,4,3,2,3,3,3,5,3,2,2,4,5,3,999,4,2,4,2,5,5,3,3,1,3,3,4,4,3,4,3,4
1,2,4,1,4,1,1,5,1,5,5,1,3,1,5,5,1,1,3,1,5,1,5,5,2,4,1,5,999,999,999,999,999,999,999,999,999,999,999,999
1,2,3,3,5,3,5,3,5,2,3,3,5,3,3,3,4,4,3,4,3,4,3,3,3,5,3,3,999,999,999,999,999,999,999,999,999,999,999,999
1,1,5,1,3,2,1,4,1,5,4,4,1,1,5,5,2,3,2,2,4,1,5,5,2,1,1,3,999,999,999,999,999,999,999,999,999,999,999,999
1,2,4,1,1,1,999,3,2,3,1,1,999,1,4,4,1,1,2,1,5,1,3,2,1,1,1,2,5,2,2,2,3,2,5,5,1,1,1,5
1,2,4,3,2,1,2,5,3,5,5,1,3,2,3,999,999,999,999,999,999,999,999,999,999,999,999,999,999,999,999,999,999,999,999,999,999,999,999,999
1,1,5,1,1,1,1,5,1,5,5,1,3,2,3,5,1,2,1,3,5,1,5,4,1,3,3,4,5,999,1,1,1,1,5,5,1,5,1,5
1,2,3,4,1,1,3,2,2,5,4,4,2,5,4,3,1,3,1,1,4,1,4,4,1,5,3,4,4,2,2,1,1,1,5,5,1,5,1,5
1,1,4,2,2,2,3,888,999,4,4,2,3,3,4,4,4,3,3,4,4,5,5,2,3,3,5,2,4,1,4,3,5,2,5,5,4,4,3,5
1,2,5,3,2,3,3,4,3,4,5,2,5,3,3,5,2,3,1,3,4,2,4,2,2,5,3,2,4,3,3,2,2,3,2,3,1,5,5,1
1,2,4,2,4,2,2,5,2,2,2,2,3,3,2,3,3,4,2,2,2,4,3,3,2,3,4,2,3,3,4,2,3,3,3,3,2,4,3,4
1,2,5,1,3,1,3,5,1,5,5,999,5,1,5,4,3,4,1,5,5,2,3,2,4,4,4,3,5,3,4,2,5,3,4,3,3,3,2,5
1,2,4,1,3,2,1,4,1,3,4,1,3,999,3,3,3,4,3,4,2,4,2,2,3,4,4,2,4,4,4,3,4,4,3,2,2,5,4,2
1,1,5,1,1,1,1,5,2,5,5,1,5,4,1,5,1,3,1,2,4,1,3,4,2,4,1,3,5,1,1,1,1,1,999,5,1,5,1,5
1,1,3,2,2,2,3,4,3,2,2,2,2,4,4,999,999,999,999,999,999,999,999,999,999,999,999,999,999,999,999,999,999,999,999,999,999,999,999,999
1,1,3,1,2,1,1,2,1,3,3,1,5,2,2,3,1,2,1,2,2,1,2,2,1,3,2,2,4,2,2,2,2,1,2,2,1,2,3,2
1,1,5,1,3,1,2,4,1,3,3,1,1,1,3,4,1,2,1,2,5,3,4,4,1,3,2,3,5,1,3,5,3,1,3,5,1,3,1,3
1,2,5,1,3,3,1,5,3,3,5,2,3,1,5,4,1,3,3,3,5,2,3,2,3,3,1,5,5,2,4,1,1,1,4,1,1,4,1,4
1,2,4,5,4,1,1,999,888,4,2,1,3,3,5,4,3,2,1,1,5,3,4,4,1,3,3,4,5,1,2,1,2,1,4,5,1,3,1,5
1,2,2,3,2,2,1,3,4,4,4,1,5,2,4,3,3,3,1,2,2,4,4,3,1,4,2,3,3,4,4,3,3,3,3,2,4,5,5,4
1,2,5,5,3,1,1,5,1,1,5,2,3,3,1,5,3,3,1,4,5,4,1,4,1,3,3,4,3,3,5,999,4,5,4,4,5,4,5,5
1,2,5,2,3,4,3,5,3,3,4,3,3,2,3,5,3,3,2,3,5,2,5,5,3,2,2,5,4,2,3,4,3,2,5,4,4,3,2,5
1,2,4,2,3,3,4,5,3,2,2,2,5,3,3,5,1,3,1,2,5,1,3,3,1,4,2,3,5,2,3,1,2,2,3,3,3,4,2,4
1,2,5,2,4,3,4,5,3,5,5,3,4,3,5,999,999,999,999,999,999,999,999,999,999,999,999,999,4,2,3,2,3,3,4,4,2,4,2,3
1,2,5,2,2,2,2,5,3,1,3,1,3,2,3,999,999,999,999,999,999,999,999,999,999,999,999,999,999,999,999,999,999,999,999,999,999,999,999,999
1,2,4,3,2,2,3,4,3,999,3,3,3,3,3,5,3,4,3,2,4,2,4,4,4,5,1,4,999,999,999,999,999,999,999,999,999,999,999,999
1,2,4,2,2,2,1,4,999,4,4,3,4,3,3,5,2,2,2,1,5,3,4,5,2,4,1,3,4,4,2,3,3,3,3,5,4,5,4,1
1,2,3,3,4,3,3,4,3,5,2,2,5,2,3,5,2,2,2,2,5,2,3,3,3,5,2,5,5,1,1,3,1,3,3,5,2,2,3,4
1,1,5,1,3,2,1,4,3,4,5,1,5,1,3,4,3,3,2,3,3,3,4,3,3,4,2,4,999,999,999,999,999,999,999,999,999,999,999,999
1,2,5,1,1,1,1,5,1,5,5,1,5,1,1,4,3,5,2,2,4,3,2,2,3,5,4,2,999,999,999,999,999,999,999,999,999,999,999,999
1,2,5,1,1,3,1,5,1,5,4,1,1,1,5,5,3,3,1,1,5,3,3,5,2,3,3,4,5,2,3,2,3,3,4,3,2,4,2,4
1,2,3,3,1,1,1,5,3,1,3,4,3,1,3,4,2,3,1,2,5,1,4,3,4,4,1,4,999,999,999,999,999,999,999,999,999,999,999,999
1,2,5,2,3,2,2,5,2,4,4,1,2,2,3,5,2,2,1,2,4,2,5,3,2,4,2,888,5,2,2,1,2,1,5,5,2,3,1,5
1,2,4,1,1,3,1,5,3,1,4,2,3,2,2,5,3,2,4,3,4,2,1,3,3,4,3,2,5,2,2,2,2,2,4,3,2,3,3,4
1,1,5,1,2,2,2,5,3,5,3,2,5,1,4,4,3,5,1,3,4,3,4,4,2,4,1,4,3,2,5,2,5,3,5,2,3,5,2,5
1,2,5,2,2,1,3,4,4,5,5,1,3,2,5,5,1,2,1,2,5,3,5,5,1,4,1,4,999,999,999,999,999,999,999,999,999,999,999,999
1,2,5,1,3,3,2,5,2,3,4,2,3,3,4,999,999,999,999,999,999,999,999,999,999,999,999,999,4,2,3,3,3,2,4,5,3,4,3,4
1,2,3,3,3,2,2,4,2,3,3,4,4,3,5,999,999,999,999,999,999,999,999,999,999,999,999,999,999,999,999,999,999,999,999,999,999,999,999,999
1,1,4,2,2,1,3,999,2,4,4,1,3,2,4,5,2,2,5,2,2,2,3,3,2,2,3,999,5,2,3,3,2,2,4,4,2,3,2,4
1,2,2,2,4,2,1,3,5,4,2,2,3,3,2,3,3,3,3,1,2,4,4,3,3,4,3,3,5,1,1,1,1,2,3,3,1,5,2,5
1,2,5,2,5,2,2,3,2,4,999,999,999,3,999,999,999,999,999,999,999,999,999,999,999,999,999,999,999,999,999,999,999,999,999,999,999,999,999,999
1,1,5,2,2,2,3,4,2,4,4,2,4,2,4,999,999,999,999,999,999,999,999,999,999,999,999,999,4,2,3,1,3,2,3,3,1,5,3,4
1,2,5,2,3,3,3,5,2,3,4,2,3,3,4,999,999,999,999,999,999,999,999,999,999,999,999,999,4,2,3,3,2,2,4,4,3,3,2,4
1,1,5,1,1,1,1,4,1,4,4,1,3,1,4,5,1,2,2,1,3,3,4,4,2,1,1,5,999,999,999,999,999,999,999,999,999,999,999,999
1,1,3,4,2,2,3,2,4,4,3,3,4,4,3,999,999,999,999,999,999,999,999,999,999,999,999,999,3,3,3,2,3,3,4,4,3,4,3,4
1,1,5,1,1,1,1,5,1,2,5,1,5,1,5,999,999,999,999,999,999,999,999,999,999,999,999,999,5,1,1,5,1,1,2,5,1,3,4,1
1,1,5,2,3,3,1,5,2,2,5,2,3,2,5,5,2,3,3,2,5,2,2,5,2,5,2,2,5,3,2,3,2,2,4,5,1,4,2,3
1,2,4,4,3,4,3,4,3,4,4,2,3,3,4,999,999,999,999,999,999,999,999,999,999,999,999,999,4,3,3,1,1,2,3,3,4,4,3,4
1,2,4,3,4,2,3,4,3,5,4,3,4,3,4,999,999,999,999,999,999,999,999,999,999,999,999,999,4,4,4,2,2,3,4,2,4,4,3,4
1,2,5,3,3,2,3,5,3,3,4,2,3,2,3,999,999,999,999,999,999,999,999,999,999,999,999,999,5,2,2,2,2,2,5,5,2,3,2,5
1,1,5,3,2,1,2,5,2,2,4,2,2,2,4,4,3,2,2,2,4,2,999,999,999,999,999,999,999,999,999,999,999,999,999,999,999,999,999,999
1,2,3,3,4,1,3,3,3,3,3,1,3,3,3,4,1,4,4,2,4,4,3,4,2,4,2,3,4,4,5,3,5,2,3,4,3,5,4,4
1,1,999,999,999,999,999,999,999,999,999,999,999,999,999,3,5,3,4,2,3,4,5,3,3,3,3,4,3,3,4,2,4,3,4,4,2,4,3,4
1,2,4,1,3,1,3,4,2,4,4,1,2,1,2,4,3,4,3,3,5,2,5,4,1,4,1,1,3,2,2,1,4,3,5,4,2,3,2,3
1,1,4,2,2,2,2,5,2,4,4,2,4,1,2,4,2,2,1,1,3,4,4,5,2,4,2,4,4,2,2,1,1,1,4,2,3,2,3,4
1,2,4,1,5,1,1,5,2,1,2,4,3,3,5,999,999,999,999,999,999,999,999,999,999,999,999,999,999,999,999,999,999,999,999,999,999,999,999,999
1,1,4,1,2,1,999,5,1,4,1,1,5,1,2,999,999,999,999,999,999,999,999,999,999,999,999,999,4,1,1,1,2,1,3,3,1,4,3,3
1,2,999,999,999,999,999,999,999,999,999,999,999,999,999,5,1,3,2,2,3,2,4,3,2,3,2,2,999,999,999,999,999,999,999,999,999,999,999,999
1,1,999,999,999,999,999,999,999,999,999,999,999,999,999,3,2,2,2,1,5,2,4,5,1,3,2,4,5,1,2,1,1,3,5,5,1,3,3,4
1,1,4,2,2,1,2,5,2,4,5,2,3,2,4,5,1,1,1,1,5,1,5,5,1,1,1,5,5,1,3,1,2,1,5,5,1,3,1,5
1,1,2,1,2,2,3,2,3,3,1,3,3,3,2,999,999,999,999,999,999,999,999,999,999,999,999,999,999,999,999,999,999,999,999,999,999,999,999,999
1,1,5,1,1,3,1,2,1,3,5,1,2,1,1,999,999,999,999,999,999,999,999,999,999,999,999,999,999,999,999,999,999,999,999,999,999,999,999,999
1,1,3,3,2,3,4,5,1,4,5,1,2,2,2,999,999,999,999,999,999,999,999,999,999,999,999,999,5,999,3,3,2,1,4,5,999,3,3,5
1,1,5,1,3,1,2,4,1,5,5,1,4,1,5,5,2,2,3,2,5,2,3,2,4,3,3,3,5,2,5,3,4,2,5,5,3,5,3,5
1,1,4,2,3,2,999,5,2,3,888,3,3,3,3,999,999,999,999,999,999,999,999,999,999,999,999,999,5,2,3,3,2,3,3,5,1,3,2,3
1,2,4,2,2,1,2,3,1,3,4,1,3,2,5,5,1,2,2,2,3,2,4,4,2,3,1,4,999,999,999,999,999,999,999,999,999,999,999,999
1,2,5,2,3,3,3,4,3,1,3,2,5,3,4,4,3,3,3,4,3,4,3,3,3,5,4,3,999,999,999,999,999,999,999,999,999,999,999,999
1,2,4,3,2,1,2,4,3,3,4,1,3,3,3,999,999,999,999,999,999,999,999,999,999,999,999,999,999,999,999,999,999,999,999,999,999,999,999,999
1,2,5,3,4,888,3,4,3,4,2,2,4,4,2,999,999,999,999,999,999,999,999,999,999,999,999,999,999,999,999,999,999,999,999,999,999,999,999,999
1,999,999,999,999,999,999,999,999,999,999,999,999,999,999,5,2,3,3,3,5,3,4,4,2,3,2,3,5,2,3,2,3,2,4,3,1,3,2,4
1,999,999,999,999,999,999,999,999,999,999,999,999,999,999,5,1,4,1,2,5,1,3,4,1,3,1,5,5,2,3,2,2,1,5,4,1,2,1,5
1,999,999,999,999,999,999,999,999,999,999,999,999,999,999,3,4,4,4,3,2,4,3,3,5,5,4,3,3,4,5,2,5,5,3,3,3,5,5,4
2,2,2,3,1,1,1,2,1,4,3,1,2,3,4,4,2,2,2,2,3,2,2,2,2,3,3,2,999,999,999,999,999,999,999,999,999,999,999,999
2,1,3,4,5,3,2,5,3,3,4,2,5,4,3,4,3,4,2,4,5,2,3,5,4,5,3,3,4,4,2,3,3,3,3,3,4,5,4,4
2,2,3,3,4,3,1,3,2,2,2,2,5,4,3,3,4,5,3,4,5,4,2,4,4,5,2,3,3,3,4,4,4,3,3,3,3,5,4,3
2,2,3,4,3,2,2,3,2,3,2,2,3,3,3,3,3,3,3,3,3,3,3,3,3,3,3,3,3,3,3,3,3,3,3,3,3,3,3,3
2,1,4,4,4,4,3,4,4,3,3,3,3,3,3,999,999,999,999,999,999,999,999,999,999,999,999,999,2,4,4,2,2,4,3,3,3,4,3,2
2,2,3,4,1,2,1,4,1,3,3,4,4,4,4,3,3,3,3,3,3,3,3,3,3,3,3,3,4,3,4,3,3,3,3,2,3,4,3,3
2,2,4,3,2,2,2,3,2,2,3,3,2,1,2,4,2,4,3,3,4,2,2,4,3,5,3,3,4,2,3,3,2,2,3,3,3,4,3,3
2,2,4,1,1,1,1,2,1,2,4,4,4,1,1,2,3,3,2,2,2,1,2,2,2,3,3,3,2,2,3,1,3,5,3,3,3,3,2,3
2,2,4,4,5,1,2,5,2,4,5,1,2,2,4,3,2,2,1,4,5,1,2,1,3,4,1,2,4,4,5,1,4,2,5,4,4,5,5,5
2,1,3,1,1,1,1,3,1,1,3,1,1,1,1,2,2,2,2,1,2,2,2,2,2,5,5,2,2,4,2,2,1,2,1,3,2,3,1,1
2,2,3,2,2,2,1,3,2,1,2,2,5,5,2,3,1,5,5,2,1,4,3,2,3,5,3,2,2,1,5,5,4,4,3,3,3,5,4,3
2,2,3,2,2,2,2,4,2,2,4,2,4,2,4,5,2,1,2,1,4,1,3,3,3,4,1,2,3,2,3,1,1,2,3,3,2,4,1,3
2,1,4,3,1,1,2,4,2,2,4,2,2,1,2,2,3,3,2,4,3,2,3,2,2,5,2,3,4,3,4,2,2,3,3,4,1,5,3,3
2,1,3,2,2,1,1,2,1,1,3,2,1,1,1,2,5,1,1,1,3,5,1,2,1,3,5,1,2,5,3,2,4,4,3,2,2,3,4,2
2,1,5,3,4,4,1,5,2,3,4,1,5,4,2,4,2,2,1,1,2,1,2,2,2,3,1,2,5,2,1,4,1,1,1,5,3,4,1,4
2,1,3,2,5,3,3,3,999,2,3,2,5,1,2,999,999,999,999,999,999,999,999,999,999,999,999,999,3,3,4,2,2,3,2,2,1,4,2,2
2,1,5,4,4,2,2,4,3,3,5,3,4,2,4,4,4,4,3,4,2,4,2,3,4,4,3,3,5,3,1,2,1,3,3,3,2,3,1,4
2,1,1,5,5,5,5,1,2,5,2,5,5,5,4,999,999,999,999,999,999,999,999,999,999,999,999,999,1,5,5,5,5,1,3,1,4,5,2,1
2,2,2,2,2,1,1,2,1,1,2,2,2,2,1,2,1,1,1,1,3,1,2,1,1,5,5,3,3,1,1,1,1,1,2,5,3,5,4,5
2,2,5,1,1,1,1,5,1,5,5,1,3,1,1,5,5,5,1,1,5,1,4,4,1,5,1,4,5,5,5,2,1,1,5,5,1,5,5,5
2,999,999,999,999,999,999,999,999,999,999,999,999,999,999,3,2,1,2,1,5,1,1,4,1,3,1,3,4,4,1,1,1,1,2,4,1,5,3,4
2,1,5,5,4,4,3,5,3,2,3,3,4,5,5,5,5,5,4,5,5,5,3,5,1,5,5,4,5,4,3,5,2,4,3,5,5,4,5,4
2,1,5,5,5,3,1,5,5,2,5,2,5,5,5,5,3,5,5,3,5,5,5,5,4,5,5,5,5,4,3,5,2,5,3,4,5,5,5,5
2,2,1,5,4,3,1,1,4,2,1,3,5,1,999,3,3,3,3,3,3,3,1,3,4,4,3,3,3,999,4,2,3,1,2,3,2,2,3,3
2,2,4,3,2,2,2,4,3,4,3,4,5,3,3,4,2,2,3,2,4,2,4,3,4,5,3,3,3,3,3,3,3,3,2,2,2,2,2,2
2,2,3,3,4,1,3,3,2,2,2,2,4,3,3,3,5,4,2,3,1,3,2,3,2,5,3,2,3,4,5,2,5,2,4,3,2,5,4,3
2,2,2,4,3,3,3,3,4,3,3,3,5,3,3,3,2,4,2,2,3,2,3,3,3,2,2,3,3,3,4,2,3,3,3,3,3,3,2,3
2,2,3,5,5,1,4,3,2,3,1,5,5,5,2,3,4,4,2,1,5,1,3,4,4,5,5,2,3,3,3,3,3,3,3,3,4,3,5,3
2,2,4,3,4,3,2,3,2,2,4,2,4,3,4,5,4,4,2,4,4,2,1,3,4,4,4,4,999,999,999,999,999,999,999,999,999,999,999,999
2,1,3,5,5,3,2,3,5,4,3,5,3,1,5,3,3,1,1,1,5,3,3,5,5,5,1,5,4,2,5,1,1,1,2,2,1,5,1,1
2,1,3,2,1,2,1,2,1,1,2,1,5,1,4,3,4,3,4,3,4,4,2,2,3,5,2,5,3,4,4,2,3,1,1,3,1,5,1,3
2,2,2,5,3,3,1,3,5,3,4,2,5,3,3,3,3,3,3,3,3,3,3,3,3,3,3,3,3,2,4,2,2,2,2,4,5,2,3,1
2,2,4,3,5,2,2,3,2,2,3,2,3,2,2,3,4,2,4,4,2,2,2,3,3,3,3,3,999,999,999,999,999,999,999,999,999,999,999,999
2,2,2,2,3,1,1,4,1,2,3,1,1,3,1,2,3,4,1,1,4,1,3,3,3,5,3,3,3,2,3,2,1,1,3,3,2,3,3,3
2,1,3,3,5,2,1,4,1,3,5,1,4,1,4,1,1,1,1,1,1,1,1,1,1,4,1,1,3,2,1,4,3,1,3,1,4,5,1,3
2,2,1,3,3,3,4,3,3,3,3,3,3,3,3,5,3,3,2,2,3,1,3,2,2,5,3,2,5,3,4,2,3,2,5,5,2,5,1,5
2,1,3,2,4,2,2,4,2,1,3,3,4,1,3,4,4,4,2,2,3,2,2,4,4,4,2,2,4,4,3,2,1,2,2,4,3,5,3,3
2,1,5,2,3,1,1,4,1,1,4,2,3,1,4,5,2,3,1,1,4,1,3,4,1,3,2,3,5,5,2,1,1,5,2,4,3,3,2,3
2,1,5,3,2,3,2,5,2,2,4,1,5,2,4,5,3,3,1,2,5,3,3,3,4,4,3,3,5,2,3,1,1,3,3,4,4,3,2,3
2,1,5,3,4,3,1,5,2,1,5,5,2,3,5,5,1,4,3,1,5,2,3,5,4,5,3,5,5,3,5,2,1,2,4,1,3,5,5,4
2,1,4,3,5,1,3,4,2,1,3,4,5,3,2,4,2,4,1,2,4,2,2,4,2,2,3,2,4,2,3,1,4,1,1,1,2,5,5,1
2,1,3,3,4,2,2,4,2,3,3,2,4,2,2,3,1,4,2,1,2,1,3,3,3,3,3,4,3,3,3,3,2,2,3,3,3,4,3,3
2,2,1,2,5,1,2,1,1,4,1,1,1,1,1,2,4,4,1,1,1,1,5,1,3,5,1,1,3,3,3,2,2,2,4,3,3,3,3,3
2,2,2,3,3,3,4,2,1,2,2,1,5,3,3,5,3,3,3,4,3,3,2,3,3,5,4,3,5,4,3,2,2,3,2,3,3,4,4,3
2,2,2,2,3,2,2,3,2,2,2,1,1,1,4,3,4,5,3,3,3,5,3,4,3,5,2,3,3,3,4,3,3,3,3,3,3,2,2,3
2,2,3,5,5,3,3,3,3,3,3,3,4,5,3,3,4,3,3,4,4,3,2,3,4,5,3,4,4,4,3,3,1,3,3,3,3,3,3,3
2,1,2,3,4,2,2,1,2,2,2,2,4,2,3,4,5,2,4,2,2,4,4,3,3,5,5,3,5,4,2,5,1,3,3,4,1,5,5,4
2,2,5,4,5,3,4,3,2,1,3,3,3,3,3,999,999,999,999,999,999,999,999,999,999,999,999,999,2,4,2,2,2,4,1,2,3,3,3,2
2,2,1,1,1,2,1,1,1,1,1,1,1,1,1,2,4,3,2,1,1,1,2,1,1,5,4,1,3,5,3,4,1,5,1,1,5,5,3,1
2,1,4,4,5,1,1,3,3,4,4,1,5,1,3,4,3,3,3,1,4,2,2,4,3,4,1,3,4,4,3,2,1,4,2,3,3,5,3,3
2,2,2,2,1,2,1,1,1,4,3,1,3,4,4,999,999,999,999,999,999,999,999,999,999,999,999,999,999,999,999,999,999,999,999,999,999,999,999,999
2,2,2,4,2,3,1,2,2,2,3,2,5,3,2,1,4,1,1,2,1,2,4,4,2,5,4,2,3,2,2,2,3,2,2,3,3,2,3,2
2,2,1,3,3,2,2,1,1,1,1,1,2,1,3,3,3,4,2,2,3,2,2,3,3,4,3,3,4,3,2,3,1,2,3,3,2,3,3,3
2,2,3,2,3,1,1,2,1,3,3,1,3,2,2,3,2,2,1,1,2,1,1,2,1,4,1,4,3,1,1,1,1,1,2,3,1,4,1,2
2,2,2,2,4,4,4,2,4,3,3,1,4,3,2,999,999,999,999,999,999,999,999,999,999,999,999,999,3,4,4,2,4,3,4,2,2,4,3,2
2,1,2,5,5,5,5,2,5,5,1,4,5,5,1,4,4,4,4,4,4,4,4,4,4,4,4,4,4,4,4,4,4,4,4,4,4,4,4,4
2,2,2,3,5,4,3,2,1,2,2,2,5,3,1,4,3,3,2,3,3,3,3,2,3,3,3,4,3,3,3,3,3,3,2,3,3,2,3,3
2,1,2,2,1,2,1,4,1,1,3,2,4,3,4,5,4,3,2,2,5,2,2,5,4,5,5,5,5,3,3,1,1,1,1,5,4,1,3,1
2,2,3,3,4,3,4,4,3,3,3,3,4,3,3,3,3,3,2,2,2,2,3,2,3,3,3,3,5,4,4,4,3,5,4,4,4,4,3,5
2,2,2,1,5,3,2,1,1,1,2,2,1,1,3,3,2,2,1,2,4,2,2,4,1,1,1,1,4,4,4,4,3,4,4,4,4,4,4,4
2,2,1,1,3,1,1,1,1,1,1,1,1,1,1,1,1,1,1,1,2,1,4,2,1,5,1,5,3,2,2,3,2,2,4,4,2,5,2,4
2,1,2,5,5,5,5,3,5,4,2,5,5,5,1,3,3,4,5,4,2,3,3,3,5,5,4,3,999,3,3,999,3,3,3,3,4,4,3,3
2,1,3,4,4,4,4,2,3,3,3,3,4,4,2,999,999,999,999,999,999,999,999,999,999,999,999,999,999,999,999,999,999,999,999,999,999,999,999,999
2,2,3,5,5,2,5,5,1,4,5,1,3,3,4,4,3,4,3,4,3,1,3,5,2,3,2,3,4,3,3,3,4,3,3,4,3,4,2,3
2,2,3,3,3,3,3,3,3,3,3,1,3,3,3,999,999,999,999,999,999,999,999,999,999,999,999,999,999,999,999,999,999,999,999,999,999,999,999,999
2,1,3,1,3,1,1,3,1,1,1,1,5,2,1,4,4,3,2,2,5,3,2,5,3,4,2,2,3,3,3,3,1,2,2,4,5,4,1,2
2,2,5,5,5,4,4,4,4,4,4,4,5,4,4,4,5,5,5,4,4,4,3,3,4,3,5,4,3,5,4,3,2,3,3,5,4,4,5,5
2,2,3,1,1,2,1,2,1,2,5,2,5,2,5,5,4,1,3,1,5,1,3,5,2,5,1,5,5,4,5,2,1,4,2,4,3,5,1,5
2,1,4,3,3,3,3,4,3,3,4,3,3,4,3,3,3,3,2,2,3,2,4,4,3,4,3,3,3,3,3,3,3,3,3,3,3,3,3,3
2,1,5,2,4,2,3,5,2,3,5,2,5,4,4,4,5,5,2,5,5,4,2,3,1,4,2,4,3,3,4,2,2,3,3,3,3,4,3,3
2,2,2,3,3,2,2,2,1,2,2,1,2,2,1,999,999,999,999,999,999,999,999,999,999,999,999,999,4,2,1,2,2,1,2,4,2,2,1,4
2,1,3,2,4,2,1,1,3,1,3,2,4,1,3,2,3,3,1,1,1,3,2,2,2,5,3,2,2,3,4,1,1,2,3,2,2,4,2,3
2,2,2,4,5,1,1,3,2,2,3,1,4,4,2,1,2,5,5,3,5,1,2,1,1,5,5,1,1,4,1,1,1,2,1,2,1,5,3,1
2,2,2,3,3,3,4,2,3,1,5,3,5,5,3,1,5,2,1,1,1,1,3,3,3,2,3,1,4,4,3,5,4,4,1,1,1,5,5,1
2,2,5,2,4,2,2,4,2,2,4,4,2,4,2,4,5,3,4,3,4,5,2,3,3,4,4,4,3,3,3,3,3,999,2,2,2,5,2,3
2,2,5,5,3,1,5,3,4,2,4,5,5,5,4,999,999,999,999,999,999,999,999,999,999,999,999,999,5,5,5,3,5,5,5,4,5,5,5,5
2,1,4,3,3,2,2,3,3,2,2,2,3,2,2,3,3,3,2,2,2,3,2,2,3,3,3,2,999,999,999,999,999,999,999,999,999,999,999,999
2,1,4,2,4,3,4,5,2,3,2,3,5,3,3,5,3,4,2,3,5,1,3,3,2,4,3,3,5,3,4,2,1,3,2,4,3,3,2,3
2,2,2,2,3,2,3,3,2,3,3,2,3,3,3,2,2,5,2,3,3,999,3,3,3,3,3,3,1,4,2,1,2,2,1,2,2,2,5,2
2,2,3,4,3,4,4,5,2,3,4,3,4,3,5,3,4,4,3,4,3,3,3,3,3,4,3,3,4,3,3,2,2,3,2,3,3,4,3,3
2,2,5,2,1,1,3,4,1,1,2,3,1,1,1,4,2,2,2,1,3,2,2,3,2,4,2,2,4,2,3,2,1,1,1,4,2,5,1,4
2,1,3,3,2,2,2,3,2,2,2,2,2,2,2,5,2,5,3,2,5,3,2,3,3,4,2,2,5,5,4,4,3,4,4,3,3,3,4,4
2,1,3,4,1,1,1,5,3,1,1,5,3,1,1,3,1,5,1,4,5,1,1,2,1,3,1,1,2,5,5,1,1,1,1,2,1,5,3,1
2,2,2,4,5,4,1,4,2,3,2,3,5,4,5,2,5,5,3,4,5,4,3,4,5,5,3,2,2,4,4,4,4,4,4,2,4,4,4,4
2,2,4,1,5,2,3,5,2,5,5,2,5,5,5,4,2,3,2,2,4,2,3,4,2,4,2,3,5,2,5,3,2,4,2,3,5,5,4,4
2,1,3,5,5,1,5,5,5,4,3,5,5,5,5,3,5,4,1,2,4,3,3,4,4,5,5,3,999,999,999,999,999,999,999,999,999,999,999,999
2,1,5,5,4,2,1,4,3,1,4,3,1,4,3,4,3,2,2,2,5,3,3,4,3,4,3,2,5,3,3,5,2,2,2,3,2,4,2,2
2,2,3,5,5,1,1,5,3,1,1,3,5,4,1,3,4,2,1,2,2,2,2,2,2,5,3,2,1,3,3,3,3,3,3,2,3,4,4,1
2,2,3,4,5,3,3,2,4,2,3,3,4,2,2,5,3,2,2,2,4,2,2,2,3,4,3,3,999,999,999,999,999,999,999,999,999,999,999,999
2,2,5,1,3,2,1,5,2,1,4,3,5,1,1,5,5,5,4,5,5,5,2,5,5,5,5,3,5,5,5,3,5,5,3,5,5,5,5,3
2,1,5,1,1,1,1,5,1,1,1,1,1,1,1,5,2,3,4,3,5,2,2,4,3,5,5,2,5,2,1,1,1,2,1,3,2,4,1,4
2,1,5,1,1,1,1,5,1,1,5,1,1,1,3,5,5,5,1,1,5,5,3,5,2,5,1,4,5,3,4,1,1,2,2,5,1,4,1,3
2,2,2,4,3,2,3,2,4,3,2,2,2,2,1,4,4,3,4,3,2,4,2,2,2,5,5,2,1,5,5,5,5,5,2,1,5,5,5,1
2,1,3,2,4,2,4,5,1,2,4,1,4,4,5,3,4,3,1,1,4,1,4,5,2,5,4,5,3,3,3,2,1,1,4,4,4,5,4,5
2,1,4,4,4,4,2,4,2,4,4,3,3,4,2,3,4,3,4,2,2,3,4,2,3,5,4,2,3,4,2,4,2,4,4,3,3,5,4,4
2,2,5,1,4,3,1,2,1,1,1,1,1,1,1,3,1,5,1,1,1,1,2,1,4,4,5,2,3,5,5,5,5,5,3,1,3,4,2,3
2,2,4,3,2,2,1,2,1,3,3,1,1,1,2,4,5,2,2,1,3,1,1,4,1,5,1,3,3,5,3,1,4,3,3,4,4,4,2,2
2,1,2,5,3,1,3,3,5,4,3,3,5,5,3,4,4,2,2,2,4,2,4,4,3,5,3,4,5,2,3,1,1,1,3,3,1,4,3,3
2,2,5,3,4,3,3,4,2,3,3,2,4,2,3,3,3,3,3,2,2,2,2,3,3,2,2,2,3,2,3,2,2,2,2,3,2,3,2,2
2,1,4,3,5,3,1,4,2,1,3,1,5,5,1,5,5,5,4,1,5,5,1,4,4,5,5,1,5,5,5,1,1,1,3,5,3,5,3,2
2,2,4,3,4,3,1,3,2,2,3,2,3,2,3,4,4,5,2,4,4,2,3,2,2,4,3,3,3,2,4,3,2,3,2,3,3,3,2,3
2,1,4,3,3,3,2,3,3,3,3,2,3,3,2,5,2,4,3,5,3,3,3,999,3,2,4,5,1,5,5,5,2,2,3,2,3,5,3,4
2,2,3,4,5,2,1,3,4,3,1,2,4,1,5,3,1,3,1,1,3,1,2,4,2,5,5,4,5,4,4,1,1,2,5,4,2,5,3,4
2,2,5,1,5,2,5,1,1,1,2,1,4,1,4,3,2,5,1,5,3,2,4,2,5,3,2,4,999,999,999,999,999,999,999,999,999,999,999,999
2,2,2,1,1,1,1,3,1,1,2,1,4,1,3,2,4,2,2,1,4,2,2,3,4,4,3,2,2,4,3,3,3,4,3,1,4,5,4,2
2,1,4,2,2,2,2,3,2,2,3,2,3,2,2,5,2,2,2,2,5,2,2,3,2,2,2,3,5,1,2,1,1,2,1,2,2,3,2,2
2,2,3,4,3,2,1,4,1,4,4,3,4,2,4,2,2,3,2,2,2,1,3,3,2,5,2,3,3,3,2,2,1,2,3,4,4,4,3,4
2,2,2,4,3,3,3,3,3,3,3,4,3,3,3,5,5,5,5,5,5,5,5,5,5,5,5,5,5,5,5,5,5,5,5,5,5,5,5,5
2,1,4,3,4,3,3,3,2,3,4,2,4,4,4,3,4,4,2,3,3,2,3,3,2,5,3,3,4,2,3,2,2,2,3,3,2,4,3,4
2,1,3,3,4,3,1,2,2,1,4,3,3,2,1,5,3,4,3,2,5,3,3,5,1,1,1,2,4,3,4,4,2,1,1,4,3,4,2,1
2,2,2,2,1,2,1,1,1,1,1,2,5,5,1,3,2,3,3,3,2,2,2,2,2,5,2,2,3,4,3,2,1,1,4,1,1,5,1,3
2,2,3,999,5,1,1,3,1,3,1,1,3,3,3,3,3,4,2,3,3,4,3,2,2,3,4,2,4,2,5,2,2,2,3,4,3,4,3,3
2,1,3,5,5,1,1,5,1,5,1,1,5,5,5,4,5,2,2,2,4,5,1,3,2,5,1,4,5,4,3,1,2,5,5,3,1,5,5,5
2,2,3,2,2,3,2,3,2,2,3,3,5,3,2,5,3,3,3,2,4,2,3,4,3,5,3,2,5,3,3,3,2,2,3,4,4,5,2,2
2,1,3,2,3,1,1,3,1,1,4,2,4,4,1,4,2,3,2,1,4,2,2,2,1,3,2,2,3,3,5,2,2,3,2,3,4,5,3,2
2,1,5,5,5,2,1,5,5,5,3,5,5,2,4,5,3,4,5,4,4,4,4,5,5,5,5,5,4,5,5,2,2,3,3,4,4,5,4,3
2,1,2,5,4,4,4,3,4,3,4,3,5,3,3,2,4,4,4,4,2,4,3,3,3,5,4,3,3,5,4,3,3,5,3,2,2,4,4,3
2,1,4,2,5,2,5,5,2,5,5,3,5,2,5,3,5,5,4,3,5,3,3,5,4,5,3,4,999,999,999,999,999,999,999,999,999,999,999,999
2,1,2,5,5,3,4,4,5,3,2,5,5,4,2,4,5,5,4,5,5,5,4,4,5,5,5,2,4,4,4,5,5,5,4,2,5,2,4,1
2,2,3,3,3,2,2,2,2,3,3,2,3,3,2,3,3,4,3,3,3,3,3,3,3,4,3,2,3,4,3,2,2,2,2,2,2,3,2,1
2,2,3,2,3,4,1,5,2,2,3,2,4,3,1,4,2,3,2,3,5,3,2,3,2,4,2,4,4,3,3,3,2,2,3,3,3,4,3,4
2,1,3,2,2,4,2,3,2,2,3,3,3,2,3,3,3,3,3,2,4,2,2,3,3,3,2,3,2,3,2,2,2,2,3,2,2,3,2,3
2,1,4,4,5,2,1,4,3,2,3,4,3,4,3,4,4,5,2,2,3,5,2,3,3,5,3,3,3,4,5,2,2,4,3,3,3,5,3,3
2,2,5,5,5,1,1,5,1,1,5,1,5,1,5,5,1,1,1,1,3,1,1,2,5,5,1,1,4,3,3,1,1,1,5,4,3,4,1,2
2,2,3,4,3,4,4,4,3,3,2,2,4,4,2,1,5,5,3,1,1,1,2,2,4,2,2,2,999,999,999,999,999,999,999,999,999,999,999,999
2,1,3,2,3,3,1,5,1,2,5,2,5,2,3,999,999,999,999,999,999,999,999,999,999,999,999,999,4,3,3,2,2,2,1,5,2,5,1,3
2,2,5,3,2,1,1,5,1,1,5,1,4,1,3,5,3,3,2,1,5,2,1,5,2,5,1,3,4,1,4,1,1,1,3,5,4,5,1,3
2,2,3,4,2,2,2,3,1,3,4,1,5,1,3,2,3,3,2,2,1,1,2,2,3,4,4,3,3,4,5,4,2,1,3,2,2,4,2,2
2,2,3,4,2,2,2,3,1,5,3,3,5,2,2,4,2,4,2,1,4,2,4,3,1,4,4,2,3,1,2,2,2,2,4,3,2,5,4,3
2,2,3,5,4,3,3,4,2,1,2,3,4,1,2,4,2,5,2,3,4,1,1,4,2,3,1,2,4,2,4,3,3,3,2,3,2,5,2,2
2,2,4,3,4,2,2,3,2,2,4,2,2,1,2,4,3,4,3,3,4,1,3,4,3,5,3,5,4,2,5,3,2,1,4,5,3,5,3,5
2,999,999,999,999,999,999,999,999,999,999,999,999,999,999,999,999,999,999,999,999,999,999,999,999,999,999,999,5,5,4,2,1,1,3,5,4,5,4,3
2,2,4,3,3,3,3,4,3,3,3,2,4,3,3,4,2,2,2,2,4,2,2,4,2,4,3,3,999,999,999,999,999,999,999,999,999,999,999,999
2,2,4,1,5,3,3,5,1,3,5,1,5,2,2,4,3,4,1,2,5,1,1,2,1,5,3,1,3,3,3,3,3,3,3,3,4,3,3,3
2,1,4,2,3,1,1,2,1,3,2,3,2,1,2,5,5,5,2,2,4,3,3,3,3,4,3,4,3,3,3,2,1,1,3,2,3,3,1,3
2,2,4,2,3,1,1,3,1,1,3,2,5,1,2,4,4,2,999,1,3,2,2,4,2,4,3,2,3,3,3,3,3,3,3,3,3,3,3,3
2,1,3,2,2,2,2,3,2,3,3,3,3,2,3,4,3,4,2,2,4,2,3,4,3,3,2,3,5,3,4,3,2,2,2,3,3,3,2,3
2,2,3,2,1,4,3,4,3,1,2,2,5,5,2,3,3,3,2,2,3,2,2,2,2,4,4,2,4,1,4,1,1,1,3,3,2,4,2,3
2,2,3,5,5,5,5,1,5,4,1,5,5,5,1,4,4,4,2,4,3,4,3,3,5,5,5,2,4,5,5,5,3,5,1,2,4,5,5,3
2,2,3,2,1,1,1,1,1,1,3,1,5,5,1,3,5,1,1,1,1,1,1,1,1,1,5,1,3,3,2,2,2,2,2,4,2,5,3,2
2,2,4,4,4,2,1,5,3,1,1,1,1,3,2,4,3,3,3,5,2,3,3,4,3,4,3,2,5,5,5,5,5,3,2,2,2,3,1,3
2,1,3,4,4,2,2,2,2,3,2,1,4,1,3,3,4,4,2,3,2,2,5,3,2,3,4,4,3,3,3,1,3,2,3,3,2,3,3,3
2,2,5,5,5,5,5,5,5,1,1,1,1,1,1,3,3,3,3,3,3,3,1,5,3,5,5,1,3,3,3,2,2,2,1,2,2,2,2,2
2,2,4,4,5,1,2,4,1,2,4,3,4,2,3,4,3,4,3,3,4,4,3,3,3,4,4,4,2,2,3,1,2,3,3,3,4,4,4,3
2,2,4,2,5,2,3,2,2,4,3,4,4,1,4,3,3,4,2,3,3,2,4,3,4,4,2,3,5,1,5,3,1,1,5,3,4,4,1,5
2,1,5,1,3,1,1,5,1,3,5,1,4,1,4,5,5,5,1,1,4,1,4,5,1,5,1,5,5,5,5,2,1,2,1,3,1,5,5,1
2,2,4,2,4,3,1,4,1,2,4,2,4,2,3,4,3,5,5,2,3,2,3,4,3,5,2,3,4,5,5,4,3,4,3,2,3,5,4,3
2,2,4,4,2,1,2,3,1,5,5,2,5,3,5,5,2,3,1,2,4,1,4,5,2,4,3,5,4,2,1,1,2,2,4,5,2,4,5,5
2,1,3,2,3,3,2,2,2,1,2,3,3,1,2,3,2,3,2,2,3,2,3,3,2,2,2,3,3,2,2,2,2,2,2,3,3,3,3,2
2,1,5,3,5,3,4,4,2,3,5,3,5,2,5,4,3,4,3,1,5,1,4,5,4,4,1,5,5,3,1,2,1,2,4,5,2,5,2,5
2,2,3,3,2,1,1,3,2,3,3,2,5,3,3,3,2,2,2,1,3,1,1,5,1,5,1,2,2,3,3,2,1,3,1,4,1,5,3,4
2,2,4,4,5,5,5,1,3,4,4,4,3,3,4,2,3,5,5,5,2,4,4,2,3,4,2,1,2,5,5,4,3,5,5,2,3,5,5,5
2,2,4,1,2,1,1,3,1,4,4,2,5,2,3,5,3,2,2,1,3,2,3,4,2,2,2,5,4,4,3,1,1,3,5,4,3,5,2,5
2,2,4,3,2,3,1,3,4,4,5,3,5,1,4,999,999,999,999,999,999,999,999,999,999,999,999,999,3,4,4,2,1,2,4,2,2,5,4,1
2,2,3,2,5,3,3,3,1,2,3,2,5,1,2,2,5,5,2,4,2,3,2,2,2,5,5,1,3,4,5,5,3,3,3,1,2,5,5,2
2,1,4,4,4,2,1,5,3,3,3,5,4,1,4,5,1,2,1,1,5,1,3,5,5,4,4,3,2,2,4,2,4,3,4,2,4,5,4,2
2,1,4,5,5,2,1,5,2,4,4,1,5,4,3,3,5,5,1,1,4,4,1,4,1,5,4,2,5,4,5,2,1,4,3,5,5,5,3,3
2,2,3,5,5,3,4,5,1,4,3,4,5,4,5,3,3,3,3,2,5,2,4,5,4,5,5,4,3,5,5,4,5,4,4,4,4,5,3,3
2,2,3,2,3,1,1,2,1,3,4,2,5,2,4,3,4,4,2,2,4,3,3,3,3,5,4,3,3,3,3,2,3,2,3,3,2,4,2,2
2,1,4,4,5,3,3,4,2,5,4,5,4,3,4,5,4,4,2,2,4,3,4,3,5,5,2,4,4,3,3,2,2,3,4,3,3,4,2,3
2,1,1,5,2,5,1,3,5,1,1,5,5,2,1,999,999,999,999,999,999,999,999,999,999,999,999,999,3,4,3,2,2,2,2,2,3,5,3,2
2,1,3,4,1,1,1,2,3,1,2,2,4,2,2,3,4,4,2,2,2,4,2,4,4,5,3,2,999,999,999,999,999,999,999,999,999,999,999,999
2,1,5,4,4,3,3,4,3,4,5,2,4,2,3,5,5,3,3,3,5,5,3,4,2,5,3,3,4,5,3,3,2,5,2,5,4,4,2,2
2,1,5,4,5,3,2,5,2,3,5,3,5,3,4,5,4,5,1,1,5,1,2,5,2,5,3,5,5,2,4,1,1,2,3,3,2,4,4,4
2,1,4,3,5,3,3,5,3,3,4,3,5,3,3,5,4,3,2,2,4,2,2,4,2,5,3,2,5,3,3,2,2,2,2,5,2,5,3,2
2,2,2,4,4,3,3,3,3,3,3,3,3,3,4,2,4,4,3,3,3,3,3,3,3,3,3,3,4,4,4,3,3,3,3,4,4,4,3,3
2,2,5,3,2,4,4,3,3,5,3,2,2,2,2,1,4,5,1,2,1,3,4,2,2,2,2,2,2,4,4,3,3,2,2,3,3,3,3,2
2,2,5,1,3,5,2,5,2,3,3,3,3,3,3,4,3,3,2,3,4,1,2,4,2,3,2,4,4,2,5,2,2,2,3,4,3,4,2,3
2,2,3,4,4,3,3,4,2,2,2,3,5,5,3,2,2,3,2,3,4,2,2,2,2,3,4,3,3,4,4,2,2,2,3,4,3,4,4,3
2,2,5,1,2,1,1,5,1,1,1,5,1,5,5,5,2,1,1,1,5,1,1,5,1,5,1,5,2,5,2,2,1,1,5,5,2,5,3,5
2,2,5,5,1,2,2,5,3,5,4,2,5,2,3,5,2,5,1,3,4,1,4,5,2,1,999,4,3,2,5,1,3,2,4,4,2,5,2,4
2,2,5,1,1,5,1,5,5,5,5,5,1,1,1,4,3,1,1,1,4,1,1,4,1,4,1,1,5,5,3,1,1,3,3,3,4,4,1,1
2,2,3,3,3,3,3,3,3,3,3,3,3,3,3,3,3,2,3,2,4,2,3,4,3,4,2,3,3,3,3,2,3,2,3,4,3,5,3,3
2,1,2,2,3,2,2,3,2,2,4,2,3,2,3,3,2,3,1,1,3,1,3,4,4,5,2,3,4,3,4,1,1,1,3,4,3,5,2,3
2,1,5,2,3,1,1,5,1,1,4,2,4,2,3,4,4,4,2,1,5,3,2,3,2,4,3,1,999,999,999,999,999,999,999,999,999,999,999,999
2,1,5,4,5,3,3,5,2,3,4,4,5,4,4,4,999,4,3,3,4,2,3,5,2,5,4,3,5,3,2,2,3,2,4,2,2,5,4,2
2,1,3,3,3,4,1,2,2,3,3,2,3,2,4,3,3,3,1,2,2,2,2,3,2,4,2,3,3,5,4,4,3,5,3,3,3,5,4,3
2,2,4,4,4,1,3,3,2,4,2,3,4,3,2,3,2,3,2,2,2,2,4,4,3,3,4,3,3,4,3,2,3,2,3,3,2,3,3,2
2,1,4,1,5,3,2,4,2,3,3,3,3,3,3,5,3,4,3,4,4,3,3,4,4,5,4,5,3,3,5,2,2,2,4,4,5,5,5,4
2,2,3,3,3,3,3,3,3,3,3,2,3,3,2,2,2,1,1,1,1,1,1,1,1,1,1,1,2,2,2,2,2,2,2,2,2,2,2,2
2,1,4,2,2,1,2,4,2,2,5,3,3,2,3,3,3,4,4,3,3,4,3,4,2,4,3,3,4,3,3,3,2,3,2,4,2,3,2,3
2,2,1,1,5,1,5,5,1,5,1,1,5,5,5,5,5,5,1,5,5,5,5,5,5,5,1,5,5,2,5,2,3,2,2,4,5,5,4,3
2,2,3,1,5,1,1,5,1,5,5,3,3,1,5,5,2,3,1,1,5,1,4,5,2,5,3,5,3,5,4,1,5,5,5,3,4,5,3,5
2,1,2,3,3,2,2,2,2,2,2,2,3,3,2,2,3,2,2,2,2,2,2,2,2,4,4,2,3,4,4,3,3,3,2,2,2,4,4,3
2,2,3,4,3,3,2,3,3,3,2,3,4,3,3,2,5,2,3,1,2,4,3,3,3,5,5,3,2,3,3,2,2,3,3,2,2,5,2,4
2,2,3,4,5,3,3,4,2,4,4,3,5,4,4,3,4,3,3,5,5,5,4,3,4,5,999,5,3,3,4,5,2,2,5,5,1,5,3,5
2,1,5,3,4,3,5,5,2,4,4,4,4,2,4,5,3,5,3,2,4,2,4,4,4,5,3,4,5,5,4,5,4,4,4,3,3,5,3,4
2,1,5,3,5,3,1,4,4,2,4,4,4,2,1,5,3,4,3,1,4,4,3,4,2,4,2,2,4,4,4,1,1,3,2,3,2,4,4,2
2,2,5,3,1,3,2,4,2,3,5,3,5,999,2,5,1,1,1,1,5,1,1,5,3,2,2,5,5,5,5,3,5,1,5,4,3,5,4,5
2,1,4,4,3,2,2,3,1,1,4,2,5,3,1,4,5,5,1,2,4,4,4,3,5,5,3,2,5,4,3,1,3,3,3,5,4,5,4,2
2,1,2,4,3,3,3,3,3,999,999,999,999,999,999,999,999,999,999,999,999,999,999,999,999,999,999,999,999,999,999,999,999,999,999,999,999,999,999,999
2,1,3,1,3,3,3,3,3,1,4,3,3,3,2,3,4,5,5,5,4,4,3,2,4,5,3,2,3,3,3,3,2,1,2,2,2,5,3,2
2,1,5,5,4,2,1,5,1,5,5,5,5,5,5,5,4,3,1,2,4,5,4,2,1,5,4,2,3,5,4,1,3,4,4,2,2,5,5,2
2,2,3,3,2,2,1,4,2,2,4,1,4,4,1,3,3,3,2,1,3,4,3,3,2,4,3,3,3,3,3,3,4,3,4,2,5,3,3,5
2,2,3,3,5,1,3,5,2,3,3,3,3,3,3,3,4,4,3,4,5,4,4,4,3,4,4,4,3,4,5,5,4,4,3,4,2,4,4,3
2,2,3,1,1,3,1,1,1,1,3,5,5,1,1,5,1,2,2,1,5,1,3,5,2,3,2,3,4,4,3,3,1,1,3,3,4,5,1,3
2,1,3,3,2,3,1,3,3,2,3,1,3,2,2,5,3,3,3,3,3,4,3,2,3,5,3,2,3,5,3,5,3,5,2,2,1,5,5,1
2,1,1,5,5,3,5,3,5,5,3,4,999,5,3,4,5,5,5,2,5,5,5,3,3,5,5,5,3,5,5,5,5,5,5,4,4,5,5,4
2,2,5,5,5,5,5,5,5,1,2,4,5,4,5,3,3,3,3,3,3,3,3,3,3,3,3,3,1,4,4,5,4,4,5,5,5,4,3,4
2,1,3,4,1,1,2,4,4,3,4,1,5,2,2,2,3,4,2,1,1,1,3,2,1,5,4,2,3,4,4,4,2,1,2,2,2,4,4,2
2,1,4,3,3,2,1,4,2,1,3,4,1,1,1,4,3,2,2,1,4,2,2,3,2,1,1,3,3,4,3,2,2,3,2,3,3,4,2,4
2,2,3,3,2,2,2,2,2,2,3,2,5,3,2,2,1,1,1,1,1,1,1,1,1,1,1,2,3,3,3,3,3,3,3,3,3,4,3,3
2,2,5,1,4,1,1,5,1,1,1,1,5,1,5,4,2,2,3,2,3,2,3,3,2,3,4,2,4,4,4,4,4,2,2,3,3,4,3,2
2,2,3,2,5,4,5,2,2,4,3,3,5,5,4,5,5,5,5,5,1,5,5,5,5,5,2,5,3,2,5,5,5,1,4,5,3,4,2,3
2,1,3,2,5,2,2,3,2,2,3,3,4,2,2,4,4,1,2,2,3,1,2,4,3,5,2,3,5,2,4,1,1,2,4,3,1,5,4,3
2,2,3,4,5,1,1,1,1,1,5,1,1,2,1,3,5,5,3,5,3,3,3,3,4,3,5,4,4,3,5,2,4,3,3,3,3,5,5,2
2,2,2,2,4,2,2,2,2,4,2,2,5,2,2,3,2,3,1,2,2,1,2,3,2,4,2,2,3,2,2,2,3,2,3,3,3,3,2,3
2,2,4,3,3,2,2,5,2,3,3,1,5,5,2,5,4,4,5,5,5,4,4,4,4,5,3,2,5,3,4,2,2,1,2,3,4,5,3,4
2,1,5,1,5,5,3,5,5,5,5,5,5,3,5,5,3,1,1,1,5,1,1,3,5,4,1,3,5,3,1,1,1,1,2,3,5,5,2,1
2,1,3,3,4,2,2,3,1,4,5,1,1,1,5,4,3,2,3,1,4,2,4,3,2,3,1,5,999,999,999,999,999,999,999,999,999,999,999,999
2,1,3,3,2,999,1,3,1,1,5,2,5,1,2,3,5,3,2,2,3,3,2,2,1,5,5,1,3,2,2,1,1,1,1,2,1,5,2,3
2,2,5,3,3,2,2,4,2,1,2,3,4,2,3,4,4,5,2,1,5,3,4,1,1,5,2,5,3,3,5,2,3,4,4,4,2,3,2,3
2,2,5,5,5,2,3,2,5,2,5,3,5,5,2,4,4,5,3,1,4,2,2,5,3,5,5,3,5,5,5,5,3,5,5,4,4,5,5,5
2,2,5,5,5,5,4,5,5,5,5,2,5,1,4,999,999,999,999,999,999,999,999,999,999,999,999,999,999,999,999,999,999,999,999,999,999,999,999,999
2,2,5,2,3,2,1,5,2,2,4,2,4,2,3,5,2,3,1,2,5,1,2,4,2,5,2,2,3,1,1,1,2,1,3,5,2,5,5,2
2,2,5,3,2,3,2,5,2,4,5,2,4,3,5,5,3,2,2,1,5,2,2,5,2,5,2,4,5,4,5,1,1,4,3,5,3,5,3,5
2,1,3,3,3,3,2,2,2,2,2,3,5,5,2,5,5,5,5,5,1,5,5,5,5,5,3,5,5,5,5,5,5,5,5,2,5,5,5,3
2,2,3,1,1,1,1,3,1,3,3,1,1,1,5,2,3,5,3,2,3,4,3,3,2,3,2,4,2,2,2,2,2,2,2,2,2,5,2,2
2,1,3,3,4,2,2,3,2,3,3,2,4,3,3,4,2,3,3,2,3,2,3,3,2,4,3,4,4,4,4,3,2,3,3,4,3,4,3,3
2,1,4,2,3,1,1,3,1,3,4,1,5,2,2,4,2,2,2,2,4,1,4,2,3,5,3,4,3,3,2,4,2,3,3,2,3,5,4,2
2,1,3,4,4,3,4,3,4,2,1,1,4,4,2,999,999,999,999,999,999,999,999,999,999,999,999,999,999,999,999,999,999,999,999,999,999,999,999,999
2,1,2,5,5,5,3,2,5,5,2,4,5,5,5,3,3,3,3,3,3,3,3,3,3,3,3,3,2,4,2,2,2,2,2,3,2,5,3,2
2,2,5,5,5,1,1,5,1,1,1,1,5,1,1,3,5,5,1,2,2,4,2,5,5,3,4,5,4,3,1,1,3,1,1,2,1,5,5,1
2,2,3,4,4,3,2,3,2,3,4,3,5,3,3,999,999,999,999,999,999,999,999,999,999,999,999,999,3,4,4,2,3,3,4,4,2,4,2,4
2,2,2,4,5,3,3,2,2,3,1,2,5,3,2,999,999,999,999,999,999,999,999,999,999,999,999,999,999,999,999,999,999,999,999,999,999,999,999,999
2,1,3,1,4,1,1,3,1,1,2,1,5,1,3,5,4,3,3,1,5,1,1,3,3,5,3,1,3,3,5,2,1,1,2,3,2,4,2,3
2,2,2,3,2,2,2,2,2,3,1,2,5,4,3,2,3,5,3,4,2,3,2,1,3,5,4,2,1,5,5,3,1,1,2,1,1,5,5,4
2,2,5,2,3,1,5,5,3,1,4,3,5,4,3,4,2,3,2,2,5,2,2,4,2,4,2,3,4,4,5,1,2,4,4,3,3,5,4,4
2,1,3,5,5,3,2,3,2,2,2,2,5,3,2,4,5,5,3,5,3,2,3,2,5,5,3,3,4,5,3,3,3,4,4,3,5,5,4,3
2,1,5,5,5,5,5,5,5,3,3,4,5,5,5,4,5,3,5,3,5,5,4,5,3,5,5,4,2,5,5,5,3,5,4,2,3,5,4,2
2,2,4,4,5,5,3,3,3,2,3,4,4,2,3,999,999,999,999,999,999,999,999,999,999,999,999,999,999,999,999,999,999,999,999,999,999,999,999,999
2,1,4,5,5,3,3,3,5,4,3,2,5,3,5,5,5,5,4,5,3,5,4,5,5,5,3,5,999,999,999,999,999,999,999,999,999,999,999,999
2,2,3,2,2,2,2,2,3,3,3,2,4,2,2,3,3,2,1,2,4,2,1,4,2,3,2,2,3,3,3,3,3,3,3,3,3,3,3,3
2,1,5,3,5,3,2,3,4,3,3,2,4,1,3,5,3,5,2,1,5,4,2,2,3,5,3,2,5,5,5,1,1,4,3,2,3,5,2,3
2,2,2,4,4,4,5,2,3,1,1,2,4,4,1,2,4,5,4,4,2,4,2,3,2,5,5,3,1,1,5,1,5,2,2,3,2,2,2,2
2,1,3,3,1,1,1,3,1,1,3,2,4,1,3,4,3,3,1,1,3,2,3,4,2,5,2,3,5,1,3,1,1,3,2,3,2,4,1,4
2,2,4,2,2,3,1,5,3,3,4,4,5,3,5,999,999,999,999,999,999,999,999,999,999,999,999,999,999,999,999,999,999,999,999,999,999,999,999,999
2,2,3,3,5,3,3,5,5,5,5,1,4,5,5,3,5,4,5,2,2,2,4,5,1,5,5,4,3,3,3,3,3,3,3,3,3,3,3,3
2,2,5,1,1,1,3,2,2,1,2,2,4,1,3,5,2,1,3,2,999,2,2,2,2,4,4,3,4,2,5,2,3,2,3,3,3,3,2,5
2,1,5,3,4,2,3,5,4,3,5,3,5,3,3,5,5,5,4,999,3,4,4,4,5,5,3,3,5,3,5,2,2,3,3,4,4,5,2,3
2,2,3,3,5,2,3,3,2,3,2,2,2,2,3,5,4,5,2,3,3,4,3,4,3,5,4,3,4,2,3,2,3,2,4,4,2,3,4,3
2,1,5,2,3,2,1,4,1,3,3,1,3,2,5,999,999,999,999,999,999,999,999,999,999,999,999,999,4,3,3,2,2,2,1,4,2,4,1,3
2,2,3,3,3,2,2,3,3,2,2,2,3,3,2,4,2,4,2,4,2,2,3,3,4,4,4,4,4,3,3,2,2,2,2,4,2,4,4,3
2,2,3,2,3,2,2,3,2,2,2,3,3,3,3,3,4,4,2,2,4,3,3,3,2,4,3,3,4,3,4,3,2,3,4,3,2,3,3,4
2,2,4,5,5,1,2,4,1,5,2,4,5,4,2,4,2,3,2,4,5,2,5,5,5,5,4,5,5,2,5,5,4,1,5,5,3,5,5,5
2,1,3,3,2,1,1,3,1,1,3,2,4,2,2,5,2,3,1,1,3,1,2,3,2,3,1,3,5,3,4,1,1,3,2,3,2,4,1,2
2,1,4,3,5,1,4,3,4,4,2,1,5,4,2,4,2,4,3,1,4,1,1,3,3,4,5,2,5,1,3,1,1,2,2,2,5,5,2,1
2,1,4,3,3,2,2,4,3,2,3,3,3,2,2,1,5,5,2,3,1,5,1,1,4,5,1,3,4,5,4,3,2,5,3,4,4,5,3,3
2,1,4,2,2,1,1,4,1,3,3,1,4,2,5,3,3,2,1,1,1,1,1,3,1,3,2,1,4,3,3,2,3,4,3,4,3,5,5,3
2,1,3,5,4,5,3,4,4,4,3,1,5,4,3,4,2,4,1,1,4,3,2,3,3,5,4,2,3,5,4,1,3,5,3,4,2,5,3,2
2,2,1,5,1,1,1,1,1,1,1,1,5,1,1,999,999,999,999,999,999,999,999,999,999,999,999,999,999,999,999,999,999,999,999,999,999,999,999,999
2,2,3,4,5,2,4,3,2,3,3,2,5,3,2,4,4,4,1,2,2,1,3,5,1,5,3,4,3,3,5,1,2,3,3,3,2,5,2,2
2,1,3,4,4,2,2,2,1,3,3,2,4,4,2,3,4,5,3,3,4,2,3,4,4,5,4,3,3,3,3,3,1,2,3,3,3,5,3,3
2,1,4,3,2,2,1,2,1,1,3,1,3,1,2,5,3,2,1,1,5,1,1,2,3,3,2,2,4,2,1,1,1,2,1,3,4,5,3,2
2,2,4,4,4,1,1,4,3,3,5,3,5,3,5,5,5,1,1,1,5,1,5,5,3,3,3,3,5,5,1,1,1,1,1,3,1,1,4,5
2,1,3,5,5,5,4,3,4,4,3,4,5,4,4,5,4,5,4,2,4,2,4,5,4,5,4,4,5,4,3,5,1,3,3,4,2,5,2,5
2,1,5,3,2,1,1,4,2,1,3,2,5,3,2,2,5,5,2,1,2,5,1,2,5,5,2,2,3,2,2,1,2,2,1,4,2,5,1,1
2,2,4,1,1,1,3,4,1,1,3,1,4,999,3,3,3,3,3,3,3,3,3,3,3,3,3,3,5,5,5,5,5,5,5,5,5,3,2,4
2,2,5,2,3,1,1,4,1,3,4,1,5,2,4,3,2,1,2,2,5,4,2,3,2,5,2,2,3,4,4,4,3,4,3,3,2,4,3,5
2,2,3,2,4,3,2,4,1,2,3,2,4,1,4,5,1,5,3,4,5,1,1,5,3,5,1,1,5,1,1,1,2,1,1,5,1,1,1,1
2,1,4,2,5,1,1,5,1,4,4,1,5,1,4,2,5,4,2,1,1,5,1,2,1,5,4,1,3,4,3,1,1,1,2,3,1,5,4,2
2,2,2,5,5,2,1,3,5,5,5,2,5,5,5,1,5,1,1,1,1,1,5,1,1,5,1,1,5,4,4,1,1,3,5,3,4,5,3,5
2,2,5,5,5,5,5,3,4,3,5,5,5,4,5,3,3,2,1,1,2,2,4,3,3,5,2,4,4,4,4,4,4,4,4,4,4,5,5,5
2,2,4,4,3,3,3,5,2,1,4,2,5,3,3,4,3,2,2,1,2,2,3,5,4,5,999,4,5,4,2,2,2,2,1,2,2,5,3,2
2,2,5,1,4,2,2,5,2,2,2,2,1,2,2,999,999,999,999,999,999,999,999,999,999,999,999,999,5,1,3,1,2,2,4,3,3,4,2,4
2,1,1,5,5,1,1,1,5,1,1,1,3,5,1,999,999,999,999,999,999,999,999,999,999,999,999,999,999,999,999,999,999,999,999,999,999,999,999,999
2,2,5,4,3,3,3,3,3,3,3,4,4,5,4,3,3,3,3,3,3,3,1,1,2,1,1,1,5,4,1,5,5,4,2,3,5,5,5,3
2,2,2,3,4,3,3,2,3,3,3,3,5,5,3,4,4,4,4,3,4,3,3,3,3,5,3,3,3,4,4,2,2,4,2,3,2,5,3,3
2,2,3,2,4,3,2,3,2,2,3,2,4,2,3,3,2,2,1,2,2,1,3,3,3,5,3,3,3,3,3,2,2,2,2,4,2,5,3,3
2,2,2,4,5,5,2,1,2,4,2,2,5,3,3,999,999,999,999,999,999,999,999,999,999,999,999,999,3,4,3,2,2,2,4,2,2,5,4,3
2,1,4,4,4,4,4,4,3,2,4,1,5,3,3,5,5,5,1,5,5,5,2,5,2,5,3,5,5,2,5,2,5,4,3,3,2,999,5,3
2,1,3,4,3,4,2,2,3,2,2,2,5,3,3,4,3,2,1,1,4,1,1,3,2,5,3,3,3,3,2,2,1,3,1,4,2,5,4,2
2,2,3,5,5,3,5,1,4,3,1,3,5,5,3,5,5,5,5,5,5,5,5,5,5,5,5,5,999,999,999,999,999,999,999,999,999,999,999,999
2,1,3,5,5,4,4,2,2,4,4,2,5,3,2,5,2,4,3,2,5,2,2,4,4,4,2,4,4,1,3,3,1,1,2,4,2,4,1,3
2,1,5,1,4,4,2,4,2,5,5,1,5,1,2,5,2,5,3,5,5,1,4,3,4,5,2,4,4,5,5,2,3,5,5,5,5,5,5,3
2,2,3,4,4,2,4,4,1,4,4,2,5,2,3,3,4,4,2,3,3,2,2,2,2,4,2,3,999,999,999,999,999,999,999,999,999,999,999,999
2,1,5,3,4,2,3,2,1,4,2,4,5,3,2,3,3,5,3,2,3,2,2,3,2,5,3,2,4,3,2,3,2,2,2,3,3,5,2,2
2,2,3,4,4,1,1,4,1,3,2,1,5,3,3,5,2,2,2,1,5,1,2,5,2,5,1,4,4,2,2,2,1,2,1,3,2,5,1,4
2,2,1,5,4,4,3,2,4,2,2,1,5,1,3,1,5,4,1,1,1,1,1,3,1,1,1,5,3,2,3,3,3,3,1,3,2,1,999,3
2,2,3,4,3,3,3,3,3,3,3,3,3,3,3,5,1,3,3,3,3,3,3,3,3,3,3,3,5,2,2,2,1,4,1,2,2,3,3,3
2,2,3,5,2,5,2,2,2,3,5,1,5,5,2,3,5,1,1,1,5,1,3,5,1,5,5,4,1,5,3,3,4,5,1,1,1,5,5,1
2,1,3,5,5,2,4,3,2,4,5,4,5,3,4,4,3,4,1,1,4,2,2,4,2,5,3,3,5,3,4,2,3,2,4,3,4,5,2,4
2,2,5,3,4,3,3,5,2,3,4,2,4,3,2,5,5,5,4,5,5,5,4,5,5,3,3,5,5,3,3,3,3,1,4,4,2,2,2,5
2,1,5,1,2,1,1,4,1,2,4,1,4,2,4,5,3,2,2,1,3,2,2,4,2,4,3,5,4,2,3,2,2,3,2,4,2,5,2,4
2,2,4,3,5,3,2,5,1,4,4,1,5,3,5,4,4,5,3,4,4,3,3,4,4,5,5,4,3,2,3,999,2,2,3,3,2,5,1,3
2,2,3,4,4,2,1,1,3,4,2,2,5,1,3,3,3,1,2,1,3,1,3,2,2,4,3,4,4,2,4,1,1,2,1,4,1,4,1,4
2,2,2,5,4,4,1,3,2,1,1,3,4,4,1,5,3,4,2,2,5,2,2,3,3,5,3,3,3,2,2,2,2,2,2,3,2,2,2,2
2,1,5,3,5,4,3,4,3,3,5,3,5,5,4,4,3,4,2,3,4,3,3,5,2,5,4,2,999,999,999,999,999,999,999,999,999,999,999,999
2,1,4,5,5,4,4,2,3,3,2,3,5,3,4,5,2,5,4,5,3,3,2,5,3,5,4,3,5,4,5,2,4,3,3,3,3,5,5,4
2,2,1,5,1,5,1,3,1,4,1,4,5,3,2,3,5,4,3,3,3,3,1,1,1,5,2,2,3,4,3,1,2,2,3,4,4,5,5,3
2,1,4,4,3,4,3,2,3,3,2,4,5,4,2,4,3,3,2,2,3,2,3,4,3,5,3,3,3,5,5,5,5,5,5,1,4,5,3,3
2,2,4,3,4,3,4,3,3,3,2,3,5,1,3,999,999,999,999,999,999,999,999,999,999,999,999,999,3,4,5,3,4,4,4,4,5,4,5,4
2,2,1,1,5,4,1,1,1,1,1,2,5,4,1,4,1,2,1,2,5,1,1,4,4,5,1,3,3,3,3,3,3,2,1,3,3,3,4,4
2,1,3,3,5,2,2,4,1,2,4,3,5,1,3,999,999,999,999,999,999,999,999,999,999,999,999,999,5,1,3,1,1,1,3,5,5,5,1,2
2,1,5,3,5,3,2,4,4,3,5,3,5,5,3,4,2,4,2,1,4,2,3,4,3,5,3,3,5,4,4,3,3,5,3,3,3,5,5,2
2,1,2,3,2,1,1,2,1,1,2,1,4,4,1,3,1,2,4,1,1,2,2,3,1,3,4,3,2,4,3,4,2,3,4,2,3,4,4,2
2,2,1,4,5,4,3,3,2,3,3,2,5,2,3,3,5,4,2,2,2,2,4,2,2,5,3,1,2,4,4,2,2,2,4,3,4,4,1,4
2,1,3,3,4,3,3,2,2,3,2,2,4,3,2,3,3,4,2,2,2,2,4,3,3,5,3,3,3,3,4,2,2,2,4,4,3,4,3,3
2,2,999,999,999,999,999,999,999,999,999,999,999,999,999,2,5,4,1,5,1,1,1,1,1,5,5,1,3,5,4,4,5,3,2,1,5,5,4,1
2,2,4,3,3,2,2,3,2,3,3,3,5,3,3,3,4,2,3,2,3,3,2,3,2,4,2,2,3,3,3,2,2,2,4,3,2,4,2,4
2,1,4,4,4,2,2,2,2,3,2,2,2,2,3,3,3,4,3,2,2,2,2,2,2,2,2,2,3,3,2,3,3,1,1,1,3,1,3,1
2,2,1,5,5,5,3,3,4,3,2,2,5,4,2,5,5,1,5,1,5,5,3,3,3,3,3,3,1,5,3,3,1,3,3,3,1,5,5,5
2,2,2,2,2,2,2,2,2,2,3,2,3,3,3,3,2,2,2,2,2,2,3,3,2,4,3,3,3,2,2,1,1,2,3,3,2,3,2,2
2,1,4,4,3,2,3,4,3,3,2,3,4,4,2,5,5,2,3,2,5,5,3,3,4,5,4,3,5,4,4,3,3,4,3,4,4,5,4,4
2,2,5,3,1,1,2,5,2,2,5,2,2,2,4,4,2,1,1,2,5,1,2,3,2,4,2,2,4,2,3,1,2,1,3,4,2,4,3,3
2,2,5,4,4,4,4,5,4,3,4,4,5,4,3,5,4,4,3,3,5,5,3,4,5,5,4,4,5,4,4,3,3,3,4,5,3,4,3,4
2,1,3,4,5,3,3,4,3,4,4,4,4,3,4,4,3,3,2,4,4,3,3,3,4,4,3,4,4,4,5,5,3,3,1,5,5,5,3,3
2,1,4,3,1,1,1,3,1,2,3,3,4,2,3,3,2,3,1,1,3,2,1,4,4,4,1,2,4,3,2,2,2,2,2,4,4,5,2,3
2,2,4,3,2,2,2,4,2,5,4,3,5,2,4,5,2,2,2,1,4,2,5,5,3,5,2,5,5,3,2,1,1,3,5,4,2,5,2,4
2,2,2,5,4,3,2,3,2,4,2,2,5,4,3,3,4,3,1,2,4,2,3,2,2,4,3,3,3,4,1,1,1,3,2,4,2,4,3,3
2,2,3,1,4,1,1,3,1,1,2,1,1,1,1,3,1,1,1,1,1,1,1,1,1,1,1,1,2,4,1,3,2,1,3,4,1,5,5,1
2,1,3,5,4,3,2,3,5,3,2,3,3,2,3,3,4,3,1,1,3,3,3,3,2,4,1,3,4,3,4,3,2,3,3,3,3,4,3,3
2,2,2,3,3,3,3,3,3,3,3,3,4,3,3,3,3,4,3,3,3,2,4,2,3,4,3,4,3,3,3,3,2,2,4,3,3,5,3,4
2,1,4,1,1,2,1,5,1,3,3,5,3,1,5,3,3,1,1,1,3,2,5,4,1,1,1,4,2,5,4,5,3,2,2,3,5,4,3,3
2,1,3,2,3,4,2,2,1,4,2,3,5,4,4,3,5,4,3,2,4,2,5,3,4,5,4,4,4,5,4,4,3,4,4,2,4,5,4,3
2,1,3,4,3,1,2,4,2,3,4,4,5,3,3,4,3,2,2,2,3,2,3,4,3,4,3,4,3,4,3,2,2,2,3,4,4,5,3,4
2,1,4,3,3,3,3,5,3,3,5,4,3,2,4,4,3,3,3,3,4,3,3,4,4,4,2,3,3,3,1,3,2,3,999,999,999,999,999,999
2,1,5,4,3,2,2,4,3,3,3,4,4,2,4,3,4,3,4,2,4,3,2,2,2,4,3,2,3,3,4,2,2,2,3,2,4,4,2,3
2,2,3,2,3,1,1,2,2,3,4,2,4,3,3,4,5,4,2,2,3,2,4,3,1,5,3,2,5,5,5,2,1,3,2,5,1,5,5,2
2,1,4,3,3,2,2,4,3,3,3,2,2,2,3,5,2,3,2,2,4,2,3,4,4,2,2,3,5,2,2,2,2,2,4,4,3,3,2,3
2,2,3,4,3,2,1,1,2,4,2,4,4,3,2,4,3,3,2,2,5,3,3,4,3,4,2,3,4,2,3,3,2,3,5,5,3,5,2,5
2,1,3,3,2,2,2,4,2,3,4,3,5,2,3,2,2,2,1,1,3,1,3,4,3,4,3,2,4,3,4,2,2,2,3,4,2,4,2,3
2,2,3,3,2,1,4,5,2,5,4,3,4,2,3,3,3,3,2,3,3,2,3,4,3,5,1,4,4,3,3,1,2,1,3,4,3,5,1,3
2,2,4,2,1,1,1,3,1,2,4,2,4,1,1,4,2,3,1,1,3,1,2,4,2,4,2,3,4,1,2,1,1,2,2,4,2,4,2,2
2,1,5,1,3,1,1,5,1,1,5,5,3,1,3,3,3,4,2,1,5,3,2,3,5,2,3,2,5,2,4,1,3,2,3,2,5,2,2,2
2,2,5,2,3,3,3,5,2,2,5,3,5,1,4,5,3,4,1,4,5,1,3,5,5,5,1,4,4,2,2,2,2,2,3,4,5,4,2,4
2,1,5,5,5,1,5,5,1,1,5,4,4,2,2,5,5,3,1,1,5,5,1,5,4,4,1,3,5,4,4,1,1,1,1,4,1,5,2,5
2,1,4,3,4,3,3,2,3,4,4,4,4,3,2,4,3,4,2,3,4,3,4,3,4,4,3,3,3,4,4,3,2,2,3,3,3,4,3,2
2,1,4,1,1,2,1,5,1,1,4,3,3,2,3,4,2,1,1,1,4,1,2,3,1,4,1,3,3,1,2,999,1,1,1,2,2,4,2,3
2,1,3,3,1,1,1,4,3,4,5,1,4,2,4,3,3,4,1,1,3,3,4,4,3,4,2,4,3,5,4,1,1,2,2,3,2,4,2,3
2,2,3,3,3,3,2,4,2,2,3,3,4,2,3,4,3,2,2,1,4,1,2,3,3,4,2,3,4,3,2,3,3,1,3,2,3,4,2,3
2,1,5,2,3,2,2,4,2,3,4,3,3,2,4,5,3,3,2,2,4,2,3,4,3,4,3,4,4,3,3,2,2,1,3,4,2,3,2,4
2,2,4,5,5,4,4,4,4,4,3,3,4,4,4,3,4,3,3,3,4,2,2,4,5,5,2,4,4,5,4,2,3,3,3,4,4,5,2,4
2,1,5,5,2,1,1,5,1,3,5,1,2,1,5,5,5,5,5,5,5,5,3,5,5,5,5,5,5,5,5,5,5,5,1,5,5,5,5,5
2,1,4,3,3,4,3,2,2,4,3,2,4,4,3,4,3,4,3,3,3,3,4,4,3,4,3,4,3,4,4,3,3,3,4,3,3,3,4,3
2,1,4,4,1,1,1,5,4,1,2,1,5,3,1,5,4,4,1,1,5,1,3,2,2,5,5,2,4,4,2,1,1,1,4,4,1,5,3,4
2,2,5,3,3,1,3,5,1,3,5,4,4,3,4,4,2,3,3,2,5,1,2,5,2,5,2,3,4,4,3,3,1,1,3,3,3,2,3,3
2,2,5,3,2,1,1,4,1,2,4,1,5,1,4,4,2,4,3,1,4,1,2,3,2,4,2,4,5,1,1,2,2,2,3,4,2,5,1,3
2,2,3,2,3,2,4,3,2,3,3,3,3,4,3,2,4,2,2,1,2,3,3,2,4,5,3,2,3,5,4,4,4,2,3,2,3,3,2,2
2,2,5,2,3,2,2,4,2,4,2,3,4,3,3,3,2,4,1,4,2,4,3,3,2,4,4,3,2,2,2,1,1,1,3,3,1,5,1,3
2,2,4,4,3,1,1,3,1,2,3,2,3,3,2,5,3,2,3,2,4,2,2,4,2,4,3,3,5,2,2,2,2,2,2,4,4,5,3,5
2,1,4,2,3,1,2,5,2,1,1,4,2,2,3,5,4,4,5,3,3,2,2,3,5,5,2,2,5,3,4,4,3,3,2,4,3,4,3,3
2,1,2,1,3,1,1,1,1,2,2,1,2,2,1,2,4,3,2,1,1,1,3,4,2,5,3,1,2,4,3,2,2,2,2,2,2,2,2,2
2,2,4,5,5,2,1,1,5,1,3,1,3,2,4,5,1,1,1,1,5,1,1,1,1,4,1,3,4,2,3,1,1,1,3,1,1,3,1,2
2,1,4,3,4,2,2,4,2,3,3,3,3,3,3,4,2,3,2,2,3,1,3,3,2,3,3,3,4,1,3,2,1,1,4,3,3,3,2,3
2,2,3,2,3,1,1,4,1,1,5,1,2,1,5,4,1,3,1,1,4,1,1,1,1,3,4,999,1,1,1,1,1,1,1,1,1,1,1,1
2,2,3,2,3,2,2,3,2,3,4,3,4,3,4,3,3,2,2,3,4,2,3,3,4,4,3,3,4,3,2,2,2,1,3,4,3,3,2,4
2,2,5,1,3,1,1,5,1,5,4,1,5,1,5,4,4,4,1,2,4,2,1,2,1,5,4,2,5,3,4,1,1,1,3,4,1,4,1,3
2,2,5,2,2,1,1,5,1,1,5,4,3,3,3,3,1,1,2,1,1,1,5,1,1,5,2,1,4,3,3,3,3,3,3,3,4,3,3,3
2,2,2,3,3,2,2,2,3,2,3,2,4,1,3,3,1,2,2,1,2,1,2,2,2,5,4,3,2,3,4,1,2,1,4,2,2,5,3,4
2,1,4,3,4,2,2,4,3,2,1,3,4,2,3,3,4,4,3,1,4,4,2,1,3,5,4,3,3,4,2,2,2,2,3,2,2,5,5,3
2,1,4,4,3,2,2,5,2,3,4,3,4,3,4,5,3,3,2,2,4,2,3,4,4,4,3,4,4,3,3,2,2,3,4,3,3,4,3,4
2,1,3,5,2,1,1,2,1,3,4,4,1,2,4,3,4,1,1,1,3,1,3,5,1,4,3,5,3,2,3,1,1,2,4,4,1,4,4,5
2,2,4,1,1,1,1,5,1,1,3,1,1,1,2,5,1,1,1,1,1,1,2,3,1,5,1,2,4,2,4,1,1,2,1,2,3,4,3,3
2,1,4,2,3,1,1,2,1,3,3,2,3,1,2,4,2,1,3,3,3,1,4,3,1,4,1,2,4,2,1,2,3,1,3,3,1,3,1,4
2,1,3,4,3,2,4,4,3,4,3,4,4,4,3,3,3,3,3,3,3,3,3,3,2,4,3,3,3,3,3,2,2,2,2,3,4,4,3,3
2,1,4,3,2,1,1,3,2,2,3,3,4,1,2,4,3,3,2,2,4,2,2,4,4,4,2,3,5,4,4,3,1,4,1,4,2,4,2,4
2,1,3,4,4,4,4,4,4,3,4,2,4,4,4,3,4,3,3,3,2,3,2,3,2,4,3,2,4,4,3,2,3,2,3,3,2,3,3,2
2,2,2,4,5,5,5,1,5,1,1,5,5,4,1,4,3,5,3,4,2,5,2,3,4,5,3,2,3,5,5,5,4,5,4,1,4,5,5,2
2,1,3,2,3,1,2,3,2,3,3,2,4,4,3,4,3,4,1,1,4,2,2,3,3,4,2,3,5,3,5,1,3,2,3,3,4,4,3,4
2,2,5,1,1,2,1,3,1,3,3,1,2,2,3,5,1,1,1,1,5,1,1,5,1,5,3,1,4,1,1,1,1,1,3,3,2,4,2,2
2,1,5,4,4,3,3,3,4,3,3,3,4,2,3,5,3,3,2,1,4,2,4,5,2,5,2,4,5,3,5,2,2,2,5,5,4,5,3,5
2,2,2,3,1,1,1,2,1,2,2,1,5,4,2,1,2,2,4,2,2,2,4,1,1,4,4,1,2,3,2,3,2,2,3,1,2,5,4,3
2,1,4,2,4,3,3,4,2,3,4,2,2,2,3,5,3,3,2,2,5,2,3,3,3,4,4,3,4,2,2,2,2,2,2,4,4,3,4,2
2,999,999,999,999,999,999,999,999,999,999,999,999,999,999,999,999,999,999,999,999,999,999,999,999,999,999,999,5,2,3,3,3,2,4,5,3,4,2,5
2,1,5,3,3,3,3,5,3,4,5,3,1,1,5,5,1,1,1,1,5,1,1,5,1,1,1,5,5,4,1,1,1,1,1,5,1,1,1,5
2,2,2,2,2,2,2,3,3,2,4,2,4,4,4,2,4,4,4,3,3,4,2,2,3,4,2,2,3,4,2,3,2,4,3,3,2,4,3,2
2,1,5,5,5,1,5,5,5,5,5,5,5,5,5,4,4,4,2,4,4,4,4,4,4,4,4,4,4,3,4,4,3,4,4,4,4,4,4,4
2,1,4,4,5,2,2,4,3,2,3,4,3,3,4,3,4,3,2,2,3,3,3,4,4,5,4,3,3,5,4,4,3,3,3,3,3,4,5,3
2,1,3,3,1,1,1,1,1,1,1,1,1,1,1,3,2,2,2,2,2,2,2,2,2,5,2,2,2,2,2,2,2,2,3,2,2,4,2,3
2,2,4,3,3,1,2,4,3,3,3,2,4,3,3,3,4,3,4,3,4,3,4,3,3,5,4,3,3,4,3,2,2,3,4,4,3,5,4,4
2,1,5,2,3,1,2,5,1,3,3,3,3,2,4,5,2,3,3,2,4,1,4,3,4,4,3,4,4,3,4,3,2,3,4,3,4,5,3,4
2,1,4,2,2,2,2,4,2,2,3,2,4,2,3,5,3,2,5,2,5,2,3,3,2,4,3,3,3,3,2,2,2,3,3,3,2,4,3,3
2,2,4,2,1,2,1,4,1,2,3,2,3,4,2,4,3,4,2,2,4,2,3,3,3,4,3,3,5,1,2,1,1,1,2,4,2,3,5,3
2,2,3,3,2,2,2,3,2,3,3,2,3,3,2,2,2,2,3,2,2,2,2,2,2,4,2,2,3,3,3,3,3,3,2,3,3,3,3,3
2,1,3,2,2,1,1,4,2,3,3,3,5,4,2,3,4,4,2,3,5,2,3,5,4,5,4,3,4,2,3,1,3,3,2,4,3,5,3,3
2,2,4,2,2,2,1,1,2,5,1,3,5,2,2,5,3,2,4,3,3,3,5,5,5,5,5,5,4,4,4,4,4,4,3,3,3,3,3,4
2,2,4,5,3,1,1,3,1,1,5,2,5,3,3,5,2,3,1,1,4,2,3,4,4,3,1,4,5,5,3,5,2,5,4,5,3,5,1,5
2,1,4,2,1,2,2,3,1,2,3,2,3,2,1,4,3,2,2,2,4,2,2,3,4,2,3,2,5,2,1,1,1,1,2,5,1,4,1,3
2,2,2,2,2,2,2,2,2,3,2,2,3,3,2,2,2,2,2,2,2,2,2,2,2,3,2,2,3,2,2,2,2,2,3,3,2,3,2,2
2,999,999,999,999,999,999,999,999,999,999,999,999,999,999,999,999,999,999,999,999,999,999,999,999,999,999,999,4,2,4,2,2,2,2,2,2,3,2,3
2,1,1,5,1,1,4,1,5,3,1,1,4,5,3,4,4,4,3,4,4,4,2,3,4,3,4,3,4,5,5,3,5,4,2,3,3,5,4,2
2,2,1,5,1,5,5,1,5,1,1,1,5,1,1,2,5,1,1,1,1,5,4,1,2,999,2,3,4,3,2,2,1,3,2,4,2,5,2,3
2,2,3,4,2,1,2,2,1,1,2,3,5,1,1,5,4,4,1,2,3,3,2,4,3,5,1,3,5,2,4,2,2,2,2,5,2,5,1,2
2,2,5,1,1,1,1,4,1,2,4,1,5,1,2,3,2,5,2,1,999,1,3,3,1,5,3,1,5,5,3,2,2,2,2,4,1,2,2,3
2,1,1,1,1,2,1,3,1,1,3,1,5,1,3,4,5,2,3,1,3,5,4,3,4,5,5,1,5,4,1,4,2,1,4,5,2,5,5,3
2,1,3,2,3,2,2,2,2,2,3,2,4,2,2,4,1,5,2,1,4,3,1,5,2,5,3,3,5,1,1,1,1,1,1,5,1,5,2,1
2,1,3,2,4,1,1,3,2,3,5,1,1,1,3,2,5,5,999,1,4,3,4,3,3,5,3,4,3,4,5,4,3,4,3,4,4,5,2,3
